datetime,training_steps,num_games_received,num_transitions_received,replay_size,policy_loss,value_loss,total_loss,learning_rate,batch_time,wdl_loss,plies_loss
2026-01-30 15:53:44,100,2326,63112,63112,3.9386,1.0187,3.9629,0.001,3.9852,1.0187,7.0525
2026-01-30 16:00:23,200,2628,71260,71260,3.9128,1.0315,3.9282,0.001,3.4827,1.0315,2.5319
2026-01-30 16:06:54,300,2912,79068,79068,3.8994,1.0169,3.9144,0.001,4.4954,1.0169,2.4237
2026-01-30 16:14:00,400,3231,87728,87728,3.8908,0.9826,3.9053,0.001,5.1954,0.9826,2.3442
2026-01-30 16:20:44,500,3538,95880,95880,3.8792,0.9988,3.8938,0.001,5.4948,0.9988,2.2775
2026-01-30 16:37:19,600,4320,116854,100000,3.8999,0.9855,3.9141,0.001,3.9995,0.9855,2.19
2026-01-30 17:35:55,100,2319,62868,62868,3.9338,1.0484,3.9566,0.001,3.5206,1.0484,6.1821
2026-01-30 17:42:44,200,2625,71121,71121,3.9165,1.0195,3.9329,0.001,3.7058,1.0195,3.1016
2026-01-30 17:49:36,300,2925,79402,79402,3.9033,1.0167,3.9188,0.001,3.2108,1.0167,2.6575
2026-01-30 17:56:20,400,3220,87484,87484,3.8855,1.022,3.9005,0.001,2.9181,1.022,2.365
2026-01-30 18:03:23,500,3545,96082,96082,3.8921,0.9962,3.9064,0.001,4.5048,0.9962,2.1789
2026-01-30 18:20:24,600,4355,117795,100000,3.8904,0.9915,3.9049,0.001,3.2052,0.9915,2.2862
2026-01-30 18:27:05,700,4657,125956,100000,3.8886,0.9808,3.902,0.001,3.6046,0.9808,1.8228
2026-01-30 18:34:05,800,4984,134804,100000,3.8918,0.9783,3.9052,0.001,5.2958,0.9783,1.8106
2026-01-30 18:41:04,900,5304,143543,100000,3.8761,0.9694,3.8895,0.001,4.8079,0.9694,1.8685
2026-01-30 18:48:03,1000,5621,152309,100000,3.8887,0.9881,3.9021,0.001,3.8875,0.9881,1.7693
2026-01-30 19:44:16,100,2339,63449,63449,3.9372,1.0443,3.9611,0.001,4.4027,1.0443,6.7342
2026-01-30 19:50:35,200,2625,71132,71132,3.9057,0.9789,3.9211,0.001,4.3169,0.9789,2.815
2026-01-30 19:56:53,300,2900,78762,78762,3.8958,1.011,3.9122,0.001,4.0887,1.011,3.1484
2026-01-30 20:03:08,400,3179,86298,86298,3.8992,1.0068,3.9151,0.001,3.2041,1.0068,2.9395
2026-01-30 20:09:44,500,3481,94368,94368,3.8867,0.9835,3.9012,0.001,3.2081,0.9835,2.3416
2026-01-30 20:27:32,600,4317,116842,100000,3.8941,0.9776,3.9081,0.001,5.409,0.9776,2.1418
2026-01-30 20:34:14,700,4622,125211,100000,3.8824,0.981,3.8961,0.001,4.8185,0.981,1.9415
2026-01-30 20:41:19,800,4949,134063,100000,3.873,0.981,3.8868,0.001,4.4931,0.981,1.9947
2026-01-30 20:48:01,900,5261,142362,100000,3.8742,0.9814,3.8874,0.001,4.2247,0.9814,1.7138
2026-01-30 20:54:36,1000,5568,150571,100000,3.8861,0.9755,3.8987,0.001,4.4771,0.9755,1.4229
2026-01-30 21:10:05,1100,6310,170066,100000,3.8862,0.9857,3.8995,0.001,4.5086,0.9857,1.7161
2026-01-30 21:16:50,1200,6626,178399,100000,3.8783,0.9849,3.8914,0.001,4.8959,0.9849,1.6019
2026-01-30 21:23:18,1300,6924,186419,100000,3.8862,0.9777,3.8995,0.001,5.4756,0.9777,1.727
2026-01-30 21:30:12,1400,7243,194919,100000,3.8717,0.9913,3.8845,0.001,3.7929,0.9913,1.4674
2026-01-30 21:37:14,1500,7579,203762,100000,3.8197,0.9902,3.8322,0.001,2.5985,0.9902,1.305
2026-01-30 21:52:33,1600,8317,222930,100000,3.8731,0.9889,3.886,0.001,4.4008,0.9889,1.4878
2026-01-30 21:59:14,1700,8634,231146,100000,3.7987,0.9779,3.8112,0.001,3.207,0.9779,1.3817
2026-01-30 22:05:43,1800,8939,239208,100000,3.8005,0.9809,3.8128,0.001,2.9013,0.9809,1.2656
2026-01-30 22:12:26,1900,9253,247543,100000,3.8619,0.9779,3.8755,0.001,2.511,0.9779,1.9234
2026-01-30 22:18:59,2000,9571,255618,100000,3.7764,0.9814,3.7888,0.001,3.2066,0.9814,1.2847
2026-01-30 22:34:38,2100,10323,275198,100000,3.8513,0.983,3.8635,0.001,4.002,0.983,1.1569
2026-01-30 22:41:32,2200,10655,283757,100000,3.7678,0.9791,3.7801,0.001,2.7059,0.9791,1.2544
2026-01-30 22:48:23,2300,10968,292125,100000,3.7567,0.9788,3.7694,0.001,3.4926,0.9788,1.4981
2026-01-30 22:54:56,2400,11285,300363,100000,3.7627,0.9865,3.7751,0.001,4.2096,0.9865,1.2477
2026-01-30 23:01:34,2500,11595,308408,100000,3.8608,0.9768,3.8729,0.001,5.1943,0.9768,1.1641
2026-01-31 00:09:23,100,2348,63992,63992,3.9397,1.5234,3.9768,0.001,2.7145,1.5234,10.9384
2026-01-31 00:16:08,200,2646,72276,72276,3.9051,1.5245,3.9264,0.001,2.9003,1.5245,3.0197
2026-01-31 00:22:57,300,2952,80594,80594,3.8941,1.5246,3.9136,0.001,4.5927,1.5246,2.1014
2026-01-31 00:29:55,400,3259,88972,88972,3.8986,1.5151,3.9172,0.001,2.8926,1.5151,1.7044
2026-01-31 00:36:43,500,3565,97333,97333,3.8863,1.5254,3.9046,0.001,4.3008,1.5254,1.5236
2026-01-31 01:16:06,100,2562,66344,66344,3.9537,0.9583,4.9337,0.001,2.9966,0.9583,2.1627
2026-01-31 01:21:46,200,3037,78786,78786,3.9113,0.9535,4.8809,0.001,2.5947,0.9535,1.6146
2026-01-31 01:27:52,300,3558,92220,92220,3.9013,0.9562,4.8711,0.001,2.8837,0.9562,1.3543
2026-01-31 01:33:12,400,4003,103807,100000,3.8954,0.9496,4.8552,0.001,3.2898,0.9496,1.0202
2026-01-31 01:39:04,500,4492,116591,100000,3.8936,0.9436,4.8481,0.001,2.7881,0.9436,1.0977
2026-01-31 01:44:50,600,4983,129299,100000,3.896,0.9477,4.8526,0.001,2.3025,0.9477,0.8832
2026-01-31 01:50:29,700,5493,141846,100000,3.8875,0.9579,4.856,0.001,3.4818,0.9579,1.0603
2026-01-31 02:30:10,100,2553,66070,66070,3.9461,0.9576,4.9246,0.001,3.6999,0.9576,2.0864
2026-01-31 02:35:58,200,3040,78852,78852,3.9104,0.9541,4.88,0.001,3.4933,0.9541,1.5546
2026-01-31 02:41:50,300,3541,91747,91747,3.9047,0.9657,4.8834,0.001,3.797,0.9657,1.2946
2026-01-31 02:47:35,400,4019,104194,100000,3.8968,0.9307,4.8386,0.001,3.5933,0.9307,1.1135
2026-01-31 02:52:54,500,4467,115881,100000,3.8929,0.9552,4.8572,0.001,2.3014,0.9552,0.9164
2026-01-31 02:58:39,600,4975,128660,100000,3.8902,0.9559,4.8582,0.001,4.409,0.9559,1.2021
2026-01-31 03:40:25,100,2558,66198,66198,3.9366,0.9591,4.9201,0.001,4.2006,0.9591,2.4486
2026-01-31 03:46:32,200,3068,79536,79536,3.9023,0.9328,4.8507,0.001,3.1883,0.9328,1.5523
2026-01-31 03:51:55,300,3525,91381,91381,3.9076,0.9549,4.8831,0.001,2.7119,0.9549,2.0619
2026-01-31 03:57:43,400,4012,104021,100000,3.9026,0.9508,4.865,0.001,2.5209,0.9508,1.1645
2026-01-31 04:03:37,500,4505,116909,100000,3.8925,0.9534,4.8592,0.001,4.4924,0.9534,1.3237
2026-01-31 04:46:50,100,2566,66418,66418,3.9576,0.9498,4.9314,0.001,4.2,0.9498,2.3977
2026-01-31 04:52:22,200,3032,78623,78623,3.9145,0.9463,4.8745,0.001,3.6086,0.9463,1.373
2026-01-31 04:58:00,300,3505,90827,90827,3.9056,0.9529,4.8718,0.001,2.2102,0.9529,1.3235
2026-01-31 05:03:28,400,3964,102744,100000,3.8974,0.9507,4.8591,0.001,2.2951,0.9507,1.0981
2026-01-31 05:09:06,500,4438,115024,100000,3.8958,0.9461,4.8536,0.001,2.8077,0.9461,1.1707
2026-01-31 05:14:45,600,4918,127411,100000,3.893,0.9628,4.866,0.001,3.2983,0.9628,1.016
2026-01-31 05:20:29,700,5425,140138,100000,3.8805,0.9401,4.8279,0.001,2.4114,0.9401,0.7239
2026-01-31 05:26:38,800,5965,153807,100000,3.8837,0.953,4.8484,0.001,3.2028,0.953,1.1698
2026-01-31 05:32:22,900,6476,166470,100000,3.8732,0.9401,4.8206,0.001,3.0022,0.9401,0.7244
2026-01-31 05:38:15,1000,6997,179548,100000,3.8858,0.9542,4.8479,0.001,3.3931,0.9542,0.7803
2026-01-31 05:44:18,1100,7543,192886,100000,3.8832,0.9523,4.8446,0.001,4.9906,0.9523,0.8979
2026-01-31 05:50:05,1200,8085,205811,100000,3.8707,0.9501,4.8263,0.001,2.3105,0.9501,0.5581
2026-01-31 05:55:53,1300,8625,218794,100000,3.8783,0.9577,4.8422,0.001,2.7141,0.9577,0.6188
2026-01-31 06:01:45,1400,9180,231897,100000,3.8595,0.9515,4.8177,0.001,2.5891,0.9515,0.6658
2026-01-31 06:07:39,1500,9729,244905,100000,3.8113,0.9369,4.7535,0.001,4.1782,0.9369,0.5208
2026-01-31 06:13:03,1600,10254,256861,100000,3.8513,0.9306,4.7869,0.001,2.5959,0.9306,0.5035
2026-01-31 06:18:40,1700,10810,269528,100000,3.7907,0.9244,4.7212,0.001,4.38,0.9244,0.6036
2026-01-31 06:24:03,1800,11337,281555,100000,3.7728,0.9324,4.7103,0.001,3.0985,0.9324,0.5054
2026-01-31 06:29:40,1900,11888,294027,100000,3.8053,0.9477,4.7571,0.001,2.3089,0.9477,0.4054
2026-01-31 06:35:40,2000,12488,307564,100000,3.7378,0.9547,4.6973,0.001,4.1208,0.9547,0.4821
2026-01-31 06:41:33,2100,13077,320583,100000,3.7875,0.9178,4.7106,0.001,3.412,0.9178,0.5297
2026-01-31 06:47:08,2200,13651,333190,100000,3.7215,0.9267,4.6538,0.001,4.2912,0.9267,0.5651
2026-01-31 06:52:59,2300,14246,346235,100000,3.7164,0.9424,4.6687,0.001,2.8938,0.9424,1.0008
2026-01-31 06:58:37,2400,14822,358956,100000,3.6986,0.9241,4.6278,0.001,2.8906,0.9241,0.5065
2026-01-31 07:04:24,2500,15403,371927,100000,3.7038,0.9354,4.6445,0.001,2.285,0.9354,0.5208
2026-01-31 07:10:08,2600,15996,384741,100000,3.734,0.9117,4.65,0.001,2.7064,0.9117,0.4278
2026-01-31 07:15:36,2700,16558,396904,100000,3.6133,0.9281,4.5459,0.001,2.2927,0.9281,0.4433
2026-01-31 07:21:22,2800,17155,409825,100000,3.6358,0.9226,4.5623,0.001,4.1051,0.9226,0.3931
2026-01-31 07:27:07,2900,17738,422691,100000,3.6668,0.9126,4.5835,0.001,2.7158,0.9126,0.4108
2026-01-31 07:32:40,3000,18316,435143,100000,3.6411,0.9373,4.5832,0.001,3.1976,0.9373,0.4789
2026-01-31 07:38:08,3100,18882,447192,100000,3.5407,0.9163,4.4618,0.001,4.6966,0.9163,0.4785
2026-01-31 07:44:03,3200,19506,460557,100000,3.6308,0.936,4.5705,0.001,4.2061,0.936,0.3697
2026-01-31 07:49:49,3300,20112,473473,100000,3.5628,0.9176,4.4857,0.001,3.1063,0.9176,0.5289
2026-01-31 07:55:46,3400,20737,486742,100000,3.596,0.9061,4.5067,0.001,3.8924,0.9061,0.4552
2026-01-31 08:01:37,3500,21346,499823,100000,3.4744,0.909,4.3876,0.001,3.4904,0.909,0.4165
2026-01-31 08:07:12,3600,21937,512284,100000,3.5279,0.9178,4.4512,0.001,2.3943,0.9178,0.545
2026-01-31 08:12:54,3700,22548,525139,100000,3.4434,0.915,4.3626,0.001,2.0886,0.915,0.4147
2026-01-31 08:18:35,3800,23141,537809,100000,3.3845,0.9137,4.3072,0.001,4.5142,0.9137,0.8962
2026-01-31 08:24:25,3900,23751,550836,100000,3.4148,0.8886,4.3069,0.001,4.5934,0.8886,0.348
2026-01-31 08:30:10,4000,24365,563865,100000,3.4715,0.914,4.3889,0.001,3.5862,0.914,0.3432
2026-01-31 08:35:31,4100,24922,575669,100000,3.3626,0.897,4.2627,0.001,2.3166,0.897,0.3071
2026-01-31 08:41:05,4200,25518,588254,100000,3.3604,0.8898,4.2537,0.001,2.9998,0.8898,0.3524
2026-01-31 08:46:58,4300,26148,601332,100000,3.466,0.9194,4.3912,0.001,2.8988,0.9194,0.5839
2026-01-31 08:52:47,4400,26774,614431,100000,3.3838,0.8988,4.2879,0.001,2.7142,0.8988,0.535
2026-01-31 08:58:44,4500,27426,627939,100000,3.4179,0.8883,4.3092,0.001,2.9991,0.8883,0.2926
2026-01-31 09:04:24,4600,28056,640585,100000,3.2652,0.907,4.1754,0.001,3.8136,0.907,0.3224
2026-01-31 09:10:03,4700,28680,653336,100000,3.3701,0.9094,4.2825,0.001,2.699,0.9094,0.2982
2026-01-31 09:15:59,4800,29342,666785,100000,3.2424,0.8885,4.1346,0.001,3.8148,0.8885,0.3635
2026-01-31 09:21:36,4900,29966,679580,100000,3.3275,0.9399,4.2699,0.001,3.2874,0.9399,0.2568
2026-01-31 09:27:16,5000,30587,692262,100000,3.3123,0.9202,4.2366,0.001,3.8971,0.9202,0.4107
2026-01-31 09:33:00,5100,31229,705137,100000,3.3271,0.91,4.2394,0.001,3.7059,0.91,0.2376
2026-01-31 09:38:44,5200,31877,718090,100000,3.3018,0.8993,4.2035,0.001,2.4815,0.8993,0.243
2026-01-31 09:44:16,5300,32516,730651,100000,3.124,0.903,4.0293,0.001,3.9011,0.903,0.2269
2026-01-31 09:50:06,5400,33178,743837,100000,3.1066,0.8795,3.9905,0.001,3.6002,0.8795,0.4494
2026-01-31 09:55:44,5500,33812,756597,100000,3.0394,0.8921,3.9338,0.001,2.4191,0.8921,0.2349
2026-01-31 10:01:06,5600,34438,768752,100000,3.0679,0.9007,3.9713,0.001,3.6068,0.9007,0.27
2026-01-31 10:06:40,5700,35078,781231,100000,3.0418,0.8731,3.9172,0.001,3.6166,0.8731,0.2315
2026-01-31 10:12:24,5800,35743,794255,100000,3.117,0.8898,4.0099,0.001,3.3896,0.8898,0.3092
2026-01-31 10:17:48,5900,36388,806537,100000,3.0229,0.892,3.917,0.001,3.5897,0.892,0.2105
2026-01-31 10:23:41,6000,37076,819983,100000,3.0037,0.8771,3.8829,0.001,3.0064,0.8771,0.2195
2026-01-31 10:29:13,6100,37733,832530,100000,3.1264,0.9024,4.0311,0.001,4.6014,0.9024,0.2282
2026-01-31 10:34:58,6200,38418,845700,100000,3.1565,0.9232,4.0819,0.001,3.5087,0.9232,0.219
2026-01-31 10:40:35,6300,39069,858386,100000,3.071,0.863,3.9371,0.001,3.3048,0.863,0.3056
2026-01-31 10:46:26,6400,39773,871847,100000,2.999,0.8756,3.8775,0.001,2.6885,0.8756,0.2966
2026-01-31 10:52:01,6500,40436,884629,100000,2.9208,0.8468,3.7717,0.001,2.7005,0.8468,0.4106
2026-01-31 10:57:38,6600,41130,897419,100000,3.0201,0.8917,3.9151,0.001,3.0147,0.8917,0.3394
2026-01-31 11:03:15,6700,41832,910294,100000,3.0102,0.8756,3.888,0.001,2.7939,0.8756,0.2221
2026-01-31 11:09:08,6800,42542,923718,100000,3.0142,0.8621,3.8782,0.001,3.2095,0.8621,0.191
2026-01-31 11:15:14,6900,43294,937669,100000,2.9853,0.8936,3.8814,0.001,4.6117,0.8936,0.2528
2026-01-31 11:21:05,7000,44005,951069,100000,2.7882,0.8655,3.6573,0.001,3.5143,0.8655,0.3604
2026-01-31 11:26:41,7100,44703,963978,100000,2.9595,0.8803,3.842,0.001,3.4032,0.8803,0.2185
2026-01-31 11:32:17,7200,45405,976761,100000,2.797,0.8544,3.6533,0.001,3.2044,0.8544,0.1879
2026-01-31 11:38:10,7300,46143,990364,100000,2.8224,0.8825,3.7071,0.001,4.1828,0.8825,0.2247
2026-01-31 11:43:46,7400,46853,1003249,100000,2.7723,0.8761,3.6514,0.001,3.088,0.8761,0.2979
2026-01-31 11:49:27,7500,47573,1016312,100000,2.8933,0.9065,3.8043,0.001,3.2012,0.9065,0.4436
2026-01-31 11:55:03,7600,48306,1029183,100000,2.7666,0.8982,3.6665,0.001,3.21,0.8982,0.1769
2026-01-31 12:00:32,7700,49029,1041964,100000,2.7113,0.8818,3.5949,0.001,3.7073,0.8818,0.1848
2026-01-31 12:06:16,7800,49768,1055117,100000,2.8746,0.8377,3.714,0.001,3.788,0.8377,0.1667
2026-01-31 12:11:37,7900,50462,1067513,100000,2.8491,0.8616,3.7127,0.001,3.4109,0.8616,0.1986
2026-01-31 12:17:04,8000,51170,1080151,100000,2.8655,0.8607,3.728,0.001,4.4041,0.8607,0.1793
2026-01-31 12:22:30,8100,51890,1092703,100000,2.8433,0.8595,3.7045,0.001,3.9845,0.8595,0.1741
2026-01-31 12:27:56,8200,52607,1105268,100000,2.6174,0.8197,3.4394,0.001,3.784,0.8197,0.2279
2026-01-31 12:33:45,8300,53398,1118941,100000,2.669,0.8498,3.5237,0.001,3.1902,0.8498,0.4991
2026-01-31 12:39:29,8400,54159,1132318,100000,2.5343,0.8415,3.3778,0.001,2.9945,0.8415,0.2028
2026-01-31 12:45:01,8500,54897,1145157,100000,2.5319,0.821,3.3546,0.001,2.9835,0.821,0.1737
2026-01-31 12:50:24,8600,55639,1157756,100000,2.5852,0.844,3.4312,0.001,2.3906,0.844,0.1971
2026-01-31 12:56:19,8700,56445,1171606,100000,2.6469,0.8332,3.4818,0.001,2.3895,0.8332,0.172
2026-01-31 13:01:59,8800,57218,1184847,100000,2.4941,0.8463,3.3421,0.001,2.4954,0.8463,0.1664
2026-01-31 13:07:40,8900,58001,1198201,100000,2.6143,0.851,3.467,0.001,4.807,0.851,0.1772
2026-01-31 13:13:16,9000,58762,1211256,100000,2.7003,0.8377,3.5404,0.001,2.3951,0.8377,0.2371
2026-01-31 13:18:44,9100,59527,1224057,100000,2.5059,0.8424,3.3503,0.001,3.8088,0.8424,0.1948
2026-01-31 13:24:33,9200,60345,1237721,100000,2.5371,0.8518,3.3962,0.001,3.6016,0.8518,0.7318
2026-01-31 13:30:12,9300,61133,1251001,100000,2.4719,0.8508,3.3269,0.001,3.2028,0.8508,0.4179
2026-01-31 13:35:48,9400,61920,1264174,100000,2.413,0.8622,3.2767,0.001,3.9088,0.8622,0.1559
2026-01-31 13:41:28,9500,62714,1277453,100000,2.6157,0.842,3.4611,0.001,2.2069,0.842,0.3391
2026-01-31 13:46:49,9600,63493,1290048,100000,2.5318,0.8433,3.3773,0.001,2.6114,0.8433,0.2224
2026-01-31 13:52:10,9700,64253,1302695,100000,2.2895,0.8101,3.1017,0.001,4.3024,0.8101,0.2082
2026-01-31 13:57:35,9800,65042,1315459,100000,2.5229,0.828,3.3524,0.001,4.0101,0.828,0.1532
2026-01-31 14:03:23,9900,65873,1329248,100000,2.4316,0.8419,3.2767,0.001,3.7101,0.8419,0.3206
2026-01-31 14:09:02,10000,66686,1342568,100000,2.3222,0.8314,3.1549,0.001,3.6907,0.8314,0.1285
2026-01-31 14:14:49,10100,67533,1356256,100000,2.2957,0.813,3.1104,0.001,3.1892,0.813,0.1698
2026-01-31 14:20:32,10200,68382,1369920,100000,2.4763,0.8135,3.2919,0.001,4.494,0.8135,0.2045
2026-01-31 14:26:21,10300,69247,1383756,100000,2.2447,0.8388,3.0856,0.001,4.3872,0.8388,0.2076
2026-01-31 14:31:56,10400,70072,1397072,100000,2.2418,0.8242,3.0676,0.001,3.1014,0.8242,0.1558
2026-01-31 14:37:29,10500,70884,1410327,100000,2.206,0.8217,3.0294,0.001,4.4158,0.8217,0.1694
2026-01-31 14:43:00,10600,71703,1423377,100000,2.2891,0.7989,3.0908,0.001,3.1959,0.7989,0.2809
2026-01-31 14:48:35,10700,72551,1436801,100000,2.3747,0.8574,3.2339,0.001,2.693,0.8574,0.176
2026-01-31 14:54:26,10800,73427,1450827,100000,2.2519,0.8189,3.073,0.001,4.5902,0.8189,0.2185
2026-01-31 15:00:29,10900,74338,1465330,100000,2.2312,0.7832,3.0173,0.001,2.7116,0.7832,0.2828
2026-01-31 15:06:07,11000,75179,1478816,100000,2.1339,0.817,2.9524,0.001,3.8069,0.817,0.1483
2026-01-31 15:11:43,11100,76039,1492196,100000,2.1849,0.8082,2.9944,0.001,2.6941,0.8082,0.1261
2026-01-31 15:17:13,11200,76872,1505333,100000,2.275,0.8304,3.107,0.001,2.2996,0.8304,0.1517
2026-01-31 15:22:37,11300,77693,1518320,100000,2.1331,0.821,2.9556,0.001,2.3135,0.821,0.1443
2026-01-31 15:28:17,11400,78554,1531986,100000,2.2073,0.8508,3.0598,0.001,2.4989,0.8508,0.1672
2026-01-31 15:34:00,11500,79414,1545685,100000,2.2459,0.8064,3.0539,0.001,2.6147,0.8064,0.1566
2026-01-31 15:39:41,11600,80281,1559292,100000,2.14,0.8036,2.945,0.001,2.9018,0.8036,0.1395
2026-01-31 15:44:41,11700,81046,1571328,100000,2.1954,0.8291,3.0266,0.001,3.9063,0.8291,0.2091
2026-01-31 15:49:54,11800,81836,1583883,100000,2.1874,0.7946,2.9834,0.001,3.9171,0.7946,0.1447
2026-01-31 15:55:26,11900,82693,1597251,100000,1.9676,0.8163,2.7878,0.001,2.8826,0.8163,0.3933
2026-01-31 16:01:17,12000,83587,1611298,100000,2.1306,0.8167,2.9487,0.001,2.6911,0.8167,0.142
2026-01-31 16:06:52,12100,84439,1624669,100000,2.2026,0.8055,3.0097,0.001,3.5994,0.8055,0.1711
2026-01-31 16:12:11,12200,85254,1637580,100000,2.0178,0.8045,2.8238,0.001,2.4139,0.8045,0.1542
2026-01-31 16:18:03,12300,86157,1651667,100000,2.0041,0.8302,2.8357,0.001,4.2004,0.8302,0.1378
2026-01-31 16:23:44,12400,87053,1665553,100000,2.1594,0.802,2.9629,0.001,2.6053,0.802,0.1511
2026-01-31 16:29:01,12500,87868,1678182,100000,2.1242,0.7882,2.9138,0.001,3.5215,0.7882,0.1377
2026-01-31 16:34:32,12600,88751,1691569,100000,2.0413,0.7957,2.8402,0.001,4.0104,0.7957,0.3136
2026-01-31 16:39:57,12700,89592,1704670,100000,2.1355,0.7742,2.911,0.001,3.7033,0.7742,0.1292
2026-01-31 16:45:34,12800,90463,1718288,100000,2.1874,0.7788,2.9676,0.001,3.816,0.7788,0.1466
2026-01-31 16:51:04,12900,91322,1731567,100000,2.1622,0.8146,2.9783,0.001,2.8829,0.8146,0.1506
2026-01-31 16:56:57,13000,92232,1745864,100000,2.1207,0.7878,2.91,0.001,2.8079,0.7878,0.1488
2026-01-31 17:02:35,13100,93101,1759358,100000,2.2464,0.7932,3.0415,0.001,2.6953,0.7932,0.1935
2026-01-31 17:08:25,13200,94040,1773624,100000,2.1521,0.778,2.9329,0.001,3.6153,0.778,0.2833
2026-01-31 17:13:55,13300,94899,1786985,100000,2.2416,0.7893,3.0336,0.001,2.8995,0.7893,0.2717
2026-01-31 17:19:44,13400,95820,1801138,100000,2.1391,0.7787,2.9189,0.001,3.2013,0.7787,0.1134
2026-01-31 17:25:32,13500,96737,1815180,100000,1.9814,0.8004,2.7833,0.001,3.71,0.8004,0.1428
2026-01-31 17:31:06,13600,97613,1828661,100000,2.1604,0.7758,2.9375,0.001,4.1116,0.7758,0.1244
2026-01-31 17:36:42,13700,98489,1842271,100000,2.0091,0.7934,2.8037,0.001,2.3061,0.7934,0.1201
2026-01-31 17:42:41,13800,99420,1856685,100000,1.9995,0.7595,2.7601,0.001,4.4846,0.7595,0.1107
2026-01-31 17:48:24,13900,100317,1870594,100000,2.0464,0.77,2.8176,0.001,3.4029,0.77,0.1261
2026-01-31 17:53:49,14000,101185,1883783,100000,2.2027,0.7653,2.97,0.001,2.3266,0.7653,0.2008
2026-01-31 17:59:34,14100,102098,1897692,100000,2.1989,0.7689,2.969,0.001,3.2041,0.7689,0.125
2026-01-31 18:04:56,14200,102957,1910729,100000,2.0327,0.7856,2.8197,0.001,3.3104,0.7856,0.144
2026-01-31 18:10:30,14300,103841,1924260,100000,2.1086,0.8103,2.9204,0.001,2.6012,0.8103,0.1405
2026-01-31 18:15:58,14400,104722,1937677,100000,1.9464,0.7916,2.7398,0.001,3.6046,0.7916,0.1745
2026-01-31 18:21:43,14500,105640,1951718,100000,2.0251,0.7608,2.7873,0.001,2.9174,0.7608,0.1388
2026-01-31 18:27:23,14600,106551,1965523,100000,2.012,0.7495,2.7626,0.001,4.1949,0.7495,0.1076
2026-01-31 18:32:49,14700,107426,1978769,100000,2.0073,0.7639,2.7724,0.001,2.2049,0.7639,0.1131
2026-01-31 18:38:22,14800,108317,1992334,100000,2.2362,0.7902,3.0291,0.001,3.306,0.7902,0.2664
2026-01-31 18:44:00,14900,109218,2006023,100000,2.203,0.7659,2.9705,0.001,3.692,0.7659,0.1569
2026-01-31 18:49:51,15000,110176,2020454,100000,2.1109,0.7667,2.8796,0.001,3.1943,0.7667,0.2033
2026-01-31 18:55:16,15100,111044,2033633,100000,2.2464,0.7565,3.0041,0.001,2.6208,0.7565,0.1183
2026-01-31 19:00:50,15200,111947,2047246,100000,2.1754,0.7375,2.914,0.001,4.2996,0.7375,0.1067
2026-01-31 19:06:08,15300,112800,2060173,100000,2.1525,0.7644,2.9184,0.001,3.7985,0.7644,0.1505
2026-01-31 19:11:41,15400,113691,2073724,100000,2.1697,0.7695,2.9434,0.001,3.4192,0.7695,0.4179
2026-01-31 19:17:14,15500,114592,2087303,100000,2.0712,0.7446,2.8174,0.001,4.5038,0.7446,0.1603
2026-01-31 19:22:44,15600,115471,2100641,100000,2.0468,0.781,2.8292,0.001,4.2067,0.781,0.1392
2026-01-31 19:28:13,15700,116357,2114113,100000,2.0015,0.7535,2.7561,0.001,3.5047,0.7535,0.1096
2026-01-31 19:33:44,15800,117250,2127640,100000,1.9018,0.7768,2.681,0.001,2.9931,0.7768,0.2407
2026-01-31 19:39:10,15900,118135,2140970,100000,1.9921,0.7618,2.7552,0.001,3.3925,0.7618,0.1297
2026-01-31 19:44:51,16000,119052,2154920,100000,2.1583,0.7701,2.9296,0.001,3.984,0.7701,0.1176
2026-01-31 19:50:10,16100,119918,2167931,100000,2.0321,0.7603,2.7934,0.001,3.7986,0.7603,0.1016
2026-01-31 19:55:30,16200,120787,2180980,100000,2.2403,0.7356,2.9774,0.001,2.2979,0.7356,0.1446
2026-01-31 20:01:03,16300,121702,2194623,100000,2.1028,0.7501,2.8542,0.001,3.3065,0.7501,0.127
2026-01-31 20:06:36,16400,122622,2208267,100000,2.009,0.7678,2.7778,0.001,2.4127,0.7678,0.1081
2026-01-31 20:12:13,16500,123533,2222039,100000,1.9762,0.7651,2.7424,0.001,3.9081,0.7651,0.103
2026-01-31 20:17:49,16600,124448,2235739,100000,2.0935,0.768,2.8629,0.001,3.3188,0.768,0.1388
2026-01-31 20:23:23,16700,125367,2249447,100000,2.2296,0.7628,2.9953,0.001,3.1974,0.7628,0.2847
2026-01-31 20:29:05,16800,126296,2263459,100000,2.1972,0.7463,2.9445,0.001,4.4166,0.7463,0.1061
2026-01-31 20:34:35,16900,127206,2277009,100000,2.2181,0.7584,2.9777,0.001,2.9819,0.7584,0.1161
2026-01-31 20:40:16,17000,128122,2290958,100000,1.9848,0.7582,2.7441,0.001,4.2038,0.7582,0.113
2026-01-31 20:45:44,17100,128997,2304277,100000,2.0236,0.7674,2.7927,0.001,4.199,0.7674,0.1758
2026-01-31 20:51:04,17200,129864,2317350,100000,2.125,0.7763,2.9024,0.001,3.502,0.7763,0.1114
2026-01-31 20:56:49,17300,130798,2331459,100000,2.0975,0.7483,2.847,0.001,3.8172,0.7483,0.1208
2026-01-31 21:02:24,17400,131713,2345201,100000,1.9768,0.7612,2.7399,0.001,3.9968,0.7612,0.1908
2026-01-31 21:07:48,17500,132595,2358425,100000,2.0679,0.7724,2.8415,0.001,2.5891,0.7724,0.1117
2026-01-31 21:13:22,17600,133502,2372050,100000,2.1953,0.7509,2.9474,0.001,2.4975,0.7509,0.1179
2026-01-31 21:19:09,17700,134453,2386253,100000,2.0034,0.7378,2.7423,0.001,2.8015,0.7378,0.1064
2026-01-31 21:24:36,17800,135345,2399605,100000,2.22,0.7205,2.9424,0.001,4.5255,0.7205,0.1838
2026-01-31 21:30:10,17900,136256,2413361,100000,2.0592,0.75,2.8108,0.001,2.7873,0.75,0.1499
2026-01-31 21:35:51,18000,137188,2427318,100000,2.2031,0.743,2.947,0.001,2.6034,0.743,0.088
2026-01-31 21:41:26,18100,138106,2440949,100000,2.1671,0.73,2.8983,0.001,4.0795,0.73,0.1234
2026-01-31 21:46:57,18200,139017,2454624,100000,2.003,0.7364,2.7404,0.001,2.9023,0.7364,0.1057
2026-01-31 21:52:18,18300,139890,2467724,100000,2.0289,0.7188,2.7488,0.001,3.516,0.7188,0.1103
2026-01-31 21:57:36,18400,140753,2480700,100000,2.153,0.7366,2.8905,0.001,3.9868,0.7366,0.0946
2026-01-31 22:02:58,18500,141643,2493938,100000,2.0755,0.7579,2.8354,0.001,3.1082,0.7579,0.1981
2026-01-31 22:08:38,18600,142561,2507772,100000,2.0828,0.7476,2.8319,0.001,2.6123,0.7476,0.1487
2026-01-31 22:14:09,18700,143478,2521350,100000,2.0233,0.7553,2.7795,0.001,3.2251,0.7553,0.0968
2026-01-31 22:19:43,18800,144412,2535179,100000,2.2241,0.7036,2.9292,0.001,3.7033,0.7036,0.1509
2026-01-31 22:25:18,18900,145338,2548952,100000,2.1348,0.7388,2.8747,0.001,2.4149,0.7388,0.105
2026-01-31 22:30:47,19000,146246,2562471,100000,2.0747,0.7145,2.7903,0.001,3.8972,0.7145,0.1129
2026-01-31 22:36:28,19100,147184,2576416,100000,1.994,0.7346,2.7297,0.001,2.8956,0.7346,0.1105
2026-01-31 22:41:56,19200,148084,2589829,100000,2.0603,0.7115,2.7734,0.001,2.4977,0.7115,0.1607
2026-01-31 22:47:21,19300,148986,2603247,100000,2.1091,0.7122,2.8233,0.001,3.1873,0.7122,0.1983
2026-01-31 22:52:46,19400,149888,2616655,100000,1.9324,0.7331,2.6669,0.001,4.0127,0.7331,0.1336
2026-01-31 22:58:36,19500,150858,2631039,100000,2.1592,0.722,2.8829,0.001,3.6092,0.722,0.1593
2026-01-31 23:04:17,19600,151806,2645051,100000,2.0612,0.6973,2.7602,0.001,3.8004,0.6973,0.1683
2026-01-31 23:09:47,19700,152720,2658599,100000,2.0215,0.711,2.7335,0.001,2.6007,0.711,0.0926
2026-01-31 23:15:21,19800,153639,2672307,100000,2.1591,0.7206,2.8817,0.001,3.607,0.7206,0.1985
2026-01-31 23:21:06,19900,154589,2686505,100000,2.14,0.7114,2.8524,0.001,2.8983,0.7114,0.0932
2026-01-31 23:26:30,20000,155488,2699887,100000,2.0455,0.71,2.7565,0.001,2.9022,0.71,0.1036
2026-01-31 23:32:28,20100,156465,2714501,100000,2.0093,0.7283,2.7396,0.001,2.598,0.7283,0.2
2026-01-31 23:38:14,20200,157423,2728723,100000,2.0027,0.6999,2.7042,0.001,2.1162,0.6999,0.1652
2026-01-31 23:43:44,20300,158334,2742277,100000,2.0778,0.725,2.8039,0.001,3.7065,0.725,0.1116
2026-01-31 23:49:16,20400,159241,2755880,100000,2.0656,0.7163,2.7828,0.001,4.0838,0.7163,0.0922
2026-01-31 23:54:49,20500,160156,2769524,100000,2.0604,0.7108,2.7758,0.001,4.6159,0.7108,0.4649
2026-02-01 00:00:14,20600,161060,2782938,100000,1.8913,0.7114,2.6041,0.001,3.7889,0.7114,0.1312
2026-02-01 00:05:37,20700,161956,2796145,100000,2.033,0.6754,2.7093,0.001,3.2107,0.6754,0.0918
2026-02-01 00:11:06,20800,162861,2809674,100000,2.1563,0.6933,2.8514,0.001,3.1001,0.6933,0.1856
2026-02-01 00:16:43,20900,163799,2823540,100000,2.2589,0.7017,2.9638,0.001,4.3885,0.7017,0.3247
2026-02-01 00:22:24,21000,164747,2837621,100000,2.1598,0.7211,2.882,0.001,3.5847,0.7211,0.1094
2026-02-01 00:28:03,21100,165683,2851515,100000,2.107,0.6901,2.7981,0.001,4.401,0.6901,0.1019
2026-02-01 00:33:32,21200,166595,2865093,100000,2.0427,0.7185,2.7641,0.001,3.1971,0.7185,0.2881
2026-02-01 00:38:57,21300,167487,2878380,100000,2.0755,0.6815,2.758,0.001,2.8046,0.6815,0.1058
2026-02-01 00:44:11,21400,168350,2891306,100000,2.0352,0.6854,2.7216,0.001,2.2154,0.6854,0.0919
2026-02-01 00:49:58,21500,169312,2905620,100000,2.2016,0.7201,2.9233,0.001,3.0011,0.7201,0.1721
2026-02-01 00:55:25,21600,170212,2918994,100000,1.9794,0.6715,2.6528,0.001,2.5972,0.6715,0.1905
2026-02-01 01:01:06,21700,171155,2933019,100000,2.0955,0.6791,2.7778,0.001,2.6146,0.6791,0.3105
2026-02-01 01:06:41,21800,172096,2946877,100000,1.998,0.6905,2.691,0.001,3.0953,0.6905,0.2562
2026-02-01 01:12:22,21900,173052,2960926,100000,2.0246,0.7022,2.7282,0.001,2.4175,0.7022,0.1395
2026-02-01 01:17:50,22000,173966,2974441,100000,2.2825,0.705,2.9886,0.001,3.0095,0.705,0.1083
2026-02-01 01:23:12,22100,174867,2987640,100000,2.1411,0.7033,2.8455,0.001,3.0883,0.7033,0.1054
2026-02-01 01:28:41,22200,175789,3001191,100000,2.0211,0.7175,2.7401,0.001,2.1013,0.7175,0.1585
2026-02-01 01:34:07,22300,176689,3014600,100000,2.1583,0.6826,2.8428,0.001,2.8014,0.6826,0.1919
2026-02-01 01:39:32,22400,177591,3027948,100000,2.1161,0.662,2.7794,0.001,3.3117,0.662,0.1311
2026-02-01 01:45:09,22500,178536,3041827,100000,2.032,0.7003,2.7334,0.001,2.9986,0.7003,0.1086
2026-02-01 01:50:43,22600,179461,3055536,100000,2.1075,0.6812,2.7899,0.001,3.4785,0.6812,0.127
2026-02-01 01:56:07,22700,180368,3068902,100000,2.1406,0.6896,2.8311,0.001,4.6019,0.6896,0.0972
2026-02-01 02:01:54,22800,181339,3083270,100000,2.0796,0.6542,2.7348,0.001,3.9868,0.6542,0.1011
2026-02-01 02:07:24,22900,182269,3096850,100000,2.1453,0.665,2.8113,0.001,4.3246,0.665,0.1062
2026-02-01 02:12:52,23000,183185,3110392,100000,2.0394,0.689,2.7293,0.001,2.4028,0.689,0.0925
2026-02-01 02:18:33,23100,184147,3124364,100000,2.24,0.6826,2.9241,0.001,2.8997,0.6826,0.1555
2026-02-01 02:24:18,23200,185115,3138582,100000,2.2056,0.6808,2.8875,0.001,2.5919,0.6808,0.1061
2026-02-01 02:29:33,23300,186014,3151688,100000,2.041,0.6835,2.7255,0.001,3.9028,0.6835,0.0942
2026-02-01 02:35:06,23400,186960,3165469,100000,2.1933,0.7036,2.8981,0.001,3.1995,0.7036,0.1156
2026-02-01 02:40:39,23500,187905,3179218,100000,2.1857,0.6802,2.8668,0.001,3.5999,0.6802,0.0859
2026-02-01 02:46:18,23600,188863,3193148,100000,2.2722,0.665,2.9389,0.001,3.1827,0.665,0.1685
2026-02-01 02:51:49,23700,189799,3206809,100000,2.1073,0.6714,2.7802,0.001,2.4879,0.6714,0.1478
2026-02-01 02:57:21,23800,190746,3220557,100000,2.0214,0.6594,2.682,0.001,2.5971,0.6594,0.1163
2026-02-01 03:03:04,23900,191719,3234724,100000,2.1265,0.6689,2.7964,0.001,3.5029,0.6689,0.0983
2026-02-01 03:08:19,24000,192608,3247711,100000,2.0882,0.6582,2.7474,0.001,3.2828,0.6582,0.0929
2026-02-01 03:13:59,24100,193579,3261724,100000,2.2446,0.6758,2.9217,0.001,3.1097,0.6758,0.1291
2026-02-01 03:19:46,24200,194580,3276152,100000,2.0818,0.6868,2.7695,0.001,4.2927,0.6868,0.0917
2026-02-01 03:25:09,24300,195496,3289469,100000,2.058,0.6554,2.7148,0.001,2.7866,0.6554,0.1359
2026-02-01 03:30:43,24400,196452,3303347,100000,2.1977,0.6661,2.866,0.001,3.2092,0.6661,0.2199
2026-02-01 03:36:20,24500,197418,3317303,100000,2.095,0.6659,2.762,0.001,3.1004,0.6659,0.1071
2026-02-01 03:41:43,24600,198339,3330615,100000,2.0977,0.6785,2.7776,0.001,2.8884,0.6785,0.1358
2026-02-01 03:47:02,24700,199256,3343809,100000,2.2476,0.6825,2.9314,0.001,2.7992,0.6825,0.1293
2026-02-01 03:52:20,24800,200163,3356996,100000,2.1124,0.6876,2.801,0.001,4.2062,0.6876,0.0989
2026-02-01 03:57:49,24900,201103,3370588,100000,2.1186,0.6606,2.7808,0.001,3.0991,0.6606,0.1599
2026-02-01 04:03:10,25000,202017,3383870,100000,2.2222,0.6808,2.9047,0.0001,2.9838,0.6808,0.1645
2026-02-01 04:08:36,25100,202949,3397372,100000,2.1442,0.6564,2.8016,0.0001,2.7082,0.6564,0.103
2026-02-01 04:14:05,25200,203883,3410930,100000,2.0697,0.679,2.7498,0.0001,4.2141,0.679,0.1012
2026-02-01 04:19:49,25300,204876,3425267,100000,2.0726,0.6663,2.7397,0.0001,3.0076,0.6663,0.0849
2026-02-01 04:25:26,25400,205834,3439172,100000,1.9307,0.663,2.5946,0.0001,3.1879,0.663,0.0958
2026-02-01 04:31:01,25500,206802,3453053,100000,2.0531,0.6828,2.737,0.0001,2.5957,0.6828,0.1088
2026-02-01 04:36:35,25600,207760,3466877,100000,2.0791,0.6665,2.7464,0.0001,2.6905,0.6665,0.0831
2026-02-01 04:42:10,25700,208718,3480705,100000,1.9779,0.6813,2.6602,0.0001,3.0979,0.6813,0.0891
2026-02-01 04:47:49,25800,209690,3494731,100000,1.9731,0.6782,2.6527,0.0001,3.3777,0.6782,0.1346
2026-02-01 04:53:32,25900,210675,3508983,100000,2.1457,0.6738,2.8204,0.0001,2.6008,0.6738,0.0915
2026-02-01 04:59:12,26000,211652,3523128,100000,2.0012,0.6853,2.6874,0.0001,3.1978,0.6853,0.086
2026-02-01 05:04:40,26100,212590,3536595,100000,2.0821,0.6728,2.7557,0.0001,3.8946,0.6728,0.0895
2026-02-01 05:10:11,26200,213553,3550395,100000,2.0924,0.7048,2.7981,0.0001,3.5148,0.7048,0.0894
2026-02-01 05:15:40,26300,214489,3563991,100000,2.1041,0.6807,2.7858,0.0001,4.6025,0.6807,0.0912
2026-02-01 05:21:02,26400,215411,3577343,100000,2.0215,0.662,2.6847,0.0001,3.2837,0.662,0.132
2026-02-01 05:26:36,26500,216375,3591226,100000,2.2232,0.6761,2.9007,0.0001,3.1008,0.6761,0.1381
2026-02-01 05:32:13,26600,217335,3605106,100000,2.1032,0.667,2.771,0.0001,4.4896,0.667,0.0752
2026-02-01 05:37:42,26700,218269,3618727,100000,2.0947,0.6641,2.7597,0.0001,3.0027,0.6641,0.0916
2026-02-01 05:43:07,26800,219197,3632076,100000,2.3416,0.6813,3.0248,0.0001,4.5039,0.6813,0.1895
2026-02-01 05:48:40,26900,220155,3645925,100000,2.1488,0.6778,2.8275,0.0001,2.8073,0.6778,0.0993
2026-02-01 05:54:06,27000,221086,3659421,100000,2.2576,0.6689,2.9276,0.0001,3.2909,0.6689,0.1057
2026-02-01 05:59:53,27100,222081,3673747,100000,2.2238,0.6886,2.9143,0.0001,3.8989,0.6886,0.1836
2026-02-01 06:05:25,27200,223042,3687560,100000,2.0955,0.6385,2.7351,0.0001,4.0942,0.6385,0.109
2026-02-01 06:10:55,27300,224003,3701306,100000,2.2025,0.6585,2.8618,0.0001,3.6953,0.6585,0.0801
2026-02-01 06:16:27,27400,224961,3715086,100000,2.1633,0.6648,2.8294,0.0001,4.6876,0.6648,0.1276
2026-02-01 06:21:58,27500,225910,3728741,100000,2.1904,0.6768,2.8681,0.0001,4.1886,0.6768,0.0834
2026-02-01 06:27:26,27600,226862,3742309,100000,2.0535,0.6532,2.7075,0.0001,2.6887,0.6532,0.0773
2026-02-01 06:33:01,27700,227823,3756172,100000,2.102,0.6643,2.767,0.0001,3.4825,0.6643,0.0784
2026-02-01 06:38:39,27800,228798,3770201,100000,2.123,0.6399,2.7639,0.0001,3.2079,0.6399,0.0951
2026-02-01 06:43:59,27900,229717,3783472,100000,2.2666,0.691,2.9586,0.0001,2.2065,0.691,0.1066
2026-02-01 06:49:21,28000,230645,3796836,100000,2.3207,0.6732,2.9956,0.0001,2.3041,0.6732,0.1641
2026-02-01 06:54:51,28100,231596,3810439,100000,2.0641,0.679,2.744,0.0001,2.8867,0.679,0.0943
2026-02-01 07:00:28,28200,232575,3824490,100000,2.0779,0.6773,2.756,0.0001,2.9139,0.6773,0.0849
2026-02-01 07:06:16,28300,233579,3838950,100000,2.0441,0.6811,2.7275,0.0001,5.0807,0.6811,0.2297
2026-02-01 07:11:40,28400,234508,3852314,100000,2.1622,0.6779,2.8413,0.0001,3.683,0.6779,0.1201
2026-02-01 07:17:13,28500,235488,3866263,100000,2.1763,0.6769,2.8544,0.0001,4.6849,0.6769,0.1302
2026-02-01 07:22:35,28600,236416,3879517,100000,2.0514,0.6452,2.6976,0.0001,3.397,0.6452,0.0948
2026-02-01 07:28:05,28700,237373,3893207,100000,2.0748,0.646,2.7215,0.0001,3.4188,0.646,0.0788
2026-02-01 07:33:22,28800,238284,3906318,100000,2.0771,0.6809,2.7588,0.0001,3.3974,0.6809,0.0916
2026-02-01 07:38:58,28900,239246,3920192,100000,2.1904,0.6691,2.8607,0.0001,2.5988,0.6691,0.112
2026-02-01 07:44:28,29000,240196,3933905,100000,2.0681,0.6562,2.7258,0.0001,2.2977,0.6562,0.1472
2026-02-01 07:50:03,29100,241163,3947803,100000,2.0335,0.6485,2.6833,0.0001,2.7043,0.6485,0.1329
2026-02-01 07:55:39,29200,242142,3961778,100000,2.215,0.6511,2.8677,0.0001,3.48,0.6511,0.1674
2026-02-01 08:01:14,29300,243105,3975600,100000,2.1724,0.6516,2.8255,0.0001,4.3253,0.6516,0.1463
2026-02-01 08:06:30,29400,244015,3988676,100000,2.022,0.6698,2.6931,0.0001,3.8299,0.6698,0.132
2026-02-01 08:12:05,29500,244977,4002509,100000,2.1507,0.6881,2.84,0.0001,2.3992,0.6881,0.115
2026-02-01 08:17:48,29600,245967,4016667,100000,1.9753,0.6857,2.6623,0.0001,2.9914,0.6857,0.1323
2026-02-01 08:23:18,29700,246933,4030422,100000,2.2969,0.6802,2.9785,0.0001,3.7223,0.6802,0.1336
2026-02-01 08:28:53,29800,247912,4044364,100000,2.0482,0.6714,2.721,0.0001,2.9835,0.6714,0.1407
2026-02-01 08:34:30,29900,248896,4058409,100000,2.1858,0.6771,2.8637,0.0001,3.0073,0.6771,0.0723
2026-02-01 08:40:11,30000,249887,4072520,100000,2.1947,0.6578,2.8535,0.0001,2.5273,0.6578,0.0998
2026-02-01 08:45:44,30100,250858,4086295,100000,2.1814,0.6624,2.8447,0.0001,2.5152,0.6624,0.0939
2026-02-01 08:51:29,30200,251864,4100593,100000,2.1644,0.6825,2.848,0.0001,3.4949,0.6825,0.1074
2026-02-01 08:57:07,30300,252855,4114737,100000,2.0401,0.6582,2.6991,0.0001,3.5178,0.6582,0.0821
2026-02-01 09:02:30,30400,253789,4128062,100000,2.126,0.6661,2.7929,0.0001,3.9111,0.6661,0.0795
2026-02-01 09:08:15,30500,254800,4142433,100000,2.0983,0.6571,2.7564,0.0001,3.2961,0.6571,0.0908
2026-02-01 09:13:48,30600,255771,4156207,100000,2.1096,0.6577,2.7683,0.0001,4.2958,0.6577,0.0962
2026-02-01 09:19:34,30700,256779,4170644,100000,2.139,0.6614,2.8015,0.0001,3.7889,0.6614,0.1139
2026-02-01 09:25:07,30800,257747,4184459,100000,2.057,0.6698,2.7277,0.0001,3.0052,0.6698,0.0827
2026-02-01 09:30:38,30900,258717,4198273,100000,2.1476,0.6459,2.7944,0.0001,2.8012,0.6459,0.0967
2026-02-01 09:36:08,31000,259678,4211980,100000,2.0765,0.6823,2.7596,0.0001,2.2033,0.6823,0.0776
2026-02-01 09:41:29,31100,260620,4225253,100000,2.0769,0.6644,2.7422,0.0001,3.6024,0.6644,0.0819
2026-02-01 09:46:56,31200,261579,4238848,100000,2.0172,0.6597,2.6787,0.0001,3.6856,0.6597,0.1725
2026-02-01 09:52:30,31300,262559,4252747,100000,2.0749,0.6849,2.7607,0.0001,2.7083,0.6849,0.0896
2026-02-01 09:58:00,31400,263519,4266439,100000,2.0477,0.6882,2.7367,0.0001,2.4929,0.6882,0.0839
2026-02-01 10:03:35,31500,264502,4280421,100000,2.2316,0.6496,2.8827,0.0001,2.506,0.6496,0.1525
2026-02-01 10:09:16,31600,265488,4294478,100000,2.0738,0.6482,2.7229,0.0001,2.493,0.6482,0.0938
2026-02-01 10:14:56,31700,266491,4308672,100000,2.1225,0.6703,2.7936,0.0001,3.2232,0.6703,0.0823
2026-02-01 10:20:43,31800,267505,4323110,100000,1.9914,0.6577,2.6517,0.0001,3.2945,0.6577,0.2683
2026-02-01 10:26:04,31900,268438,4336419,100000,2.1349,0.7038,2.8395,0.0001,3.8821,0.7038,0.0849
2026-02-01 10:31:18,32000,269365,4349512,100000,2.2104,0.682,2.8932,0.0001,3.3999,0.682,0.0816
2026-02-01 10:36:50,32100,270333,4363272,100000,2.1839,0.644,2.8287,0.0001,2.9906,0.644,0.0847
2026-02-01 10:42:15,32200,271280,4376730,100000,2.2408,0.6905,2.9327,0.0001,2.9151,0.6905,0.144
2026-02-01 10:47:59,32300,272297,4391109,100000,2.1468,0.6611,2.809,0.0001,3.2067,0.6611,0.1125
2026-02-01 10:53:40,32400,273306,4405346,100000,2.1013,0.6606,2.7627,0.0001,4.0847,0.6606,0.0922
2026-02-01 10:59:03,32500,274253,4418828,100000,2.2742,0.6725,2.9475,0.0001,2.6991,0.6725,0.0775
2026-02-01 11:04:44,32600,275249,4432934,100000,2.2018,0.6618,2.8643,0.0001,4.0978,0.6618,0.0735
2026-02-01 11:10:07,32700,276201,4446384,100000,2.1685,0.6537,2.8234,0.0001,2.6966,0.6537,0.1195
2026-02-01 11:15:30,32800,277155,4459872,100000,2.2974,0.6593,2.9577,0.0001,4.2966,0.6593,0.0956
2026-02-01 11:21:02,32900,278125,4473687,100000,2.0826,0.661,2.7447,0.0001,3.0007,0.661,0.1178
2026-02-01 11:26:31,33000,279088,4487385,100000,2.0168,0.6619,2.6794,0.0001,3.8083,0.6619,0.0778
2026-02-01 11:32:15,33100,280077,4501554,100000,2.2037,0.6331,2.838,0.0001,3.6954,0.6331,0.1155
2026-02-01 11:37:51,33200,281061,4515555,100000,2.0106,0.6657,2.6777,0.0001,2.6031,0.6657,0.1416
2026-02-01 11:43:24,33300,282029,4529371,100000,2.0479,0.658,2.7079,0.0001,4.5019,0.658,0.2018
2026-02-01 11:48:50,33400,282994,4542999,100000,2.1828,0.6738,2.8575,0.0001,3.8985,0.6738,0.0914
2026-02-01 11:54:19,33500,283962,4556721,100000,2.2249,0.6777,2.9034,0.0001,3.6048,0.6777,0.0763
2026-02-01 11:59:59,33600,284953,4570818,100000,2.1182,0.6954,2.8147,0.0001,3.2925,0.6954,0.1047
2026-02-01 12:05:20,33700,285888,4584092,100000,2.0896,0.6802,2.7707,0.0001,3.9167,0.6802,0.0938
2026-02-01 12:10:45,33800,286854,4597631,100000,2.0568,0.6603,2.7181,0.0001,2.5,0.6603,0.0917
2026-02-01 12:16:21,33900,287846,4611606,100000,2.0441,0.655,2.7002,0.0001,3.4026,0.655,0.1138
2026-02-01 12:21:44,34000,288790,4625011,100000,2.0351,0.6953,2.7313,0.0001,3.091,0.6953,0.0929
2026-02-01 12:27:08,34100,289742,4638424,100000,2.0497,0.6795,2.7302,0.0001,2.6024,0.6795,0.0897
2026-02-01 12:32:30,34200,290691,4651877,100000,2.1478,0.659,2.8079,0.0001,2.8938,0.659,0.1118
2026-02-01 12:38:14,34300,291700,4666249,100000,2.1415,0.6487,2.7911,0.0001,2.2087,0.6487,0.09
2026-02-01 12:43:43,34400,292665,4679994,100000,2.1651,0.6794,2.8454,0.0001,4.089,0.6794,0.0836
2026-02-01 12:49:25,34500,293672,4694221,100000,2.1113,0.6872,2.7996,0.0001,3.6915,0.6872,0.1062
2026-02-01 12:54:50,34600,294625,4707672,100000,2.1399,0.6584,2.799,0.0001,4.6126,0.6584,0.0767
2026-02-01 13:00:19,34700,295590,4721314,100000,2.1201,0.6526,2.7741,0.0001,4.7006,0.6526,0.1437
2026-02-01 13:06:03,34800,296602,4735687,100000,2.1141,0.6488,2.7639,0.0001,4.3127,0.6488,0.1
2026-02-01 13:11:39,34900,297597,4749721,100000,2.1875,0.6596,2.8478,0.0001,2.9015,0.6596,0.0739
2026-02-01 13:17:04,35000,298554,4763216,100000,2.0764,0.684,2.7613,0.0001,3.7861,0.684,0.0868
2026-02-01 13:22:30,35100,299498,4776644,100000,2.1262,0.6749,2.8018,0.0001,2.497,0.6749,0.0731
2026-02-01 13:28:14,35200,300519,4791043,100000,1.905,0.6658,2.5724,0.0001,2.5918,0.6658,0.1546
2026-02-01 13:33:43,35300,301492,4804774,100000,1.9992,0.6535,2.654,0.0001,3.715,0.6535,0.1261
2026-02-01 13:39:27,35400,302505,4819143,100000,2.1259,0.6472,2.7739,0.0001,3.8028,0.6472,0.0828
2026-02-01 13:44:47,35500,303457,4832501,100000,2.156,0.6793,2.8361,0.0001,2.4879,0.6793,0.0807
2026-02-01 13:50:07,35600,304396,4845771,100000,2.2454,0.6904,2.9372,0.0001,2.913,0.6904,0.145
2026-02-01 13:55:31,35700,305351,4859255,100000,1.8711,0.6512,2.5243,0.0001,3.4797,0.6512,0.1911
2026-02-01 14:01:12,35800,306345,4873366,100000,2.2149,0.6945,2.9106,0.0001,2.5878,0.6945,0.1187
2026-02-01 14:06:31,35900,307289,4886599,100000,2.1137,0.6848,2.7992,0.0001,3.1099,0.6848,0.0782
2026-02-01 14:12:06,36000,308264,4900531,100000,2.2752,0.678,2.954,0.0001,3.6095,0.678,0.0871
2026-02-01 14:17:33,36100,309224,4914086,100000,2.0939,0.6485,2.7439,0.0001,3.7114,0.6485,0.1465
2026-02-01 14:22:56,36200,310174,4927498,100000,2.0195,0.685,2.7059,0.0001,2.207,0.685,0.1375
2026-02-01 14:28:31,36300,311160,4941523,100000,2.0391,0.6638,2.7039,0.0001,2.3116,0.6638,0.101
2026-02-01 14:34:04,36400,312156,4955466,100000,2.2138,0.6573,2.8722,0.0001,2.4758,0.6573,0.1086
2026-02-01 14:39:28,36500,313113,4968978,100000,2.137,0.6816,2.8196,0.0001,3.9096,0.6816,0.0984
2026-02-01 14:45:11,36600,314123,4983171,100000,2.0529,0.6468,2.7006,0.0001,4.0012,0.6468,0.0927
2026-02-01 14:50:55,36700,315143,4997555,100000,2.1434,0.6691,2.8135,0.0001,3.3913,0.6691,0.0987
2026-02-01 14:56:27,36800,316115,5011383,100000,2.1359,0.6649,2.8016,0.0001,2.4964,0.6649,0.0773
2026-02-01 15:01:57,36900,317086,5025069,100000,2.2107,0.6641,2.8757,0.0001,3.923,0.6641,0.0873
2026-02-01 15:07:31,37000,318071,5039034,100000,2.1731,0.6899,2.8638,0.0001,4.0974,0.6899,0.0774
2026-02-01 15:13:13,37100,319069,5053164,100000,2.0097,0.662,2.6742,0.0001,3.4999,0.662,0.2423
2026-02-01 15:18:44,37200,320048,5066983,100000,1.9223,0.6452,2.5695,0.0001,2.895,0.6452,0.1993
2026-02-01 15:24:15,37300,321032,5080825,100000,2.0037,0.6662,2.6717,0.0001,2.7918,0.6662,0.1845
2026-02-01 15:29:55,37400,322035,5094937,100000,2.0794,0.6652,2.7456,0.0001,2.4954,0.6652,0.0939
2026-02-01 15:35:26,37500,323014,5108770,100000,2.1468,0.6635,2.811,0.0001,2.5875,0.6635,0.0785
2026-02-01 15:41:00,37600,323995,5122550,100000,2.1648,0.66,2.8257,0.0001,2.4067,0.66,0.0984
2026-02-01 15:46:40,37700,324998,5136745,100000,2.171,0.647,2.8188,0.0001,2.8027,0.647,0.0883
2026-02-01 15:52:13,37800,325987,5150686,100000,2.1675,0.6626,2.8309,0.0001,3.6009,0.6626,0.0826
2026-02-01 15:57:47,37900,326968,5164566,100000,2.0445,0.6711,2.7169,0.0001,4.6123,0.6711,0.1196
2026-02-01 16:03:05,38000,327902,5177814,100000,2.0583,0.6545,2.7136,0.0001,2.6885,0.6545,0.0823
2026-02-01 16:08:32,38100,328862,5191323,100000,2.2603,0.6612,2.9222,0.0001,2.0955,0.6612,0.0736
2026-02-01 16:13:59,38200,329838,5204982,100000,2.1855,0.6622,2.8489,0.0001,2.5972,0.6622,0.1203
2026-02-01 16:19:34,38300,330825,5218933,100000,2.346,0.6527,3.0008,0.0001,3.386,0.6527,0.2142
2026-02-01 16:25:01,38400,331783,5232529,100000,2.1547,0.6858,2.8415,0.0001,3.7003,0.6858,0.1004
2026-02-01 16:30:41,38500,332777,5246682,100000,2.1405,0.6663,2.8075,0.0001,4.6119,0.6663,0.0766
2026-02-01 16:36:22,38600,333776,5260804,100000,2.1855,0.6754,2.8617,0.0001,3.5161,0.6754,0.0778
2026-02-01 16:41:54,38700,334763,5274671,100000,2.0666,0.6786,2.7467,0.0001,4.4935,0.6786,0.1545
2026-02-01 16:47:24,38800,335739,5288457,100000,2.097,0.6482,2.7461,0.0001,4.0962,0.6482,0.096
2026-02-01 16:52:44,38900,336684,5301837,100000,2.1946,0.6627,2.8585,0.0001,2.9854,0.6627,0.1206
2026-02-01 16:58:31,39000,337710,5316293,100000,2.1158,0.715,2.832,0.0001,3.0074,0.715,0.1266
2026-02-01 17:03:54,39100,338661,5329684,100000,2.1836,0.6699,2.8542,0.0001,3.2071,0.6699,0.0821
2026-02-01 17:09:15,39200,339594,5342963,100000,2.1373,0.6687,2.8073,0.0001,2.7173,0.6687,0.1329
2026-02-01 17:14:47,39300,340569,5356766,100000,2.0365,0.658,2.6955,0.0001,3.0024,0.658,0.0998
2026-02-01 17:20:14,39400,341536,5370396,100000,2.1847,0.6758,2.8614,0.0001,3.697,0.6758,0.0945
2026-02-01 17:25:49,39500,342514,5384365,100000,2.1369,0.6511,2.7889,0.0001,2.3979,0.6511,0.0872
2026-02-01 17:31:29,39600,343499,5398344,100000,2.2197,0.6682,2.8889,0.0001,2.4224,0.6682,0.1004
2026-02-01 17:36:43,39700,344426,5411438,100000,2.0665,0.6652,2.7324,0.0001,2.2991,0.6652,0.0689
2026-02-01 17:42:23,39800,345437,5425650,100000,2.0268,0.6599,2.6896,0.0001,2.7799,0.6599,0.2942
2026-02-01 17:47:47,39900,346403,5439201,100000,2.1401,0.6493,2.7903,0.0001,2.6086,0.6493,0.088
2026-02-01 17:53:15,40000,347365,5452791,100000,2.2134,0.6737,2.888,1e-05,3.0914,0.6737,0.0901
2026-02-01 17:58:52,40100,348361,5466787,100000,2.0846,0.6623,2.7479,1e-05,4.1034,0.6623,0.0943
2026-02-01 18:04:26,40200,349348,5480671,100000,2.2755,0.69,2.9666,1e-05,4.2043,0.69,0.1093
2026-02-01 18:10:09,40300,350352,5494933,100000,1.9837,0.6561,2.6412,1e-05,4.584,0.6561,0.1402
2026-02-01 18:15:48,40400,351354,5509069,100000,2.0679,0.6985,2.7673,1e-05,3.1042,0.6985,0.0934
2026-02-01 18:21:22,40500,352341,5523015,100000,2.2203,0.6718,2.893,1e-05,2.5978,0.6718,0.0939
2026-02-01 18:27:00,40600,353324,5536930,100000,2.2743,0.6737,2.9489,1e-05,4.2,0.6737,0.0901
2026-02-01 18:32:34,40700,354312,5550854,100000,2.1409,0.6565,2.7981,1e-05,3.6084,0.6565,0.0789
2026-02-01 18:38:07,40800,355298,5564753,100000,2.1418,0.6742,2.8168,1e-05,3.2994,0.6742,0.0729
2026-02-01 18:43:49,40900,356309,5579041,100000,2.1594,0.6927,2.8528,1e-05,2.9972,0.6927,0.0755
2026-02-01 18:49:17,41000,357276,5592701,100000,2.3487,0.671,3.021,1e-05,2.4119,0.671,0.1272
2026-02-01 18:54:30,41100,358185,5605602,100000,2.1979,0.6755,2.8746,1e-05,2.8913,0.6755,0.1163
2026-02-01 19:00:09,41200,359182,5619713,100000,2.1633,0.6824,2.8464,1e-05,4.0891,0.6824,0.0727
2026-02-01 19:05:38,41300,360168,5633506,100000,2.0097,0.6565,2.6672,1e-05,2.7921,0.6565,0.1005
2026-02-01 19:11:04,41400,361141,5647142,100000,2.1904,0.6534,2.8448,1e-05,2.5845,0.6534,0.098
2026-02-01 19:16:22,41500,362080,5660386,100000,1.9794,0.6682,2.6493,1e-05,2.3017,0.6682,0.1707
2026-02-01 19:21:51,41600,363064,5674133,100000,2.0962,0.6657,2.7628,1e-05,2.9952,0.6657,0.0853
2026-02-01 19:27:11,41700,364012,5687481,100000,2.1744,0.6719,2.8473,1e-05,2.6111,0.6719,0.1006
2026-02-01 19:32:43,41800,364998,5701332,100000,2.1155,0.6648,2.7812,1e-05,2.2957,0.6648,0.0887
2026-02-01 19:38:12,41900,365973,5715142,100000,2.2088,0.651,2.8606,1e-05,2.8109,0.651,0.081
2026-02-01 19:43:32,42000,366911,5728441,100000,2.2309,0.6606,2.8933,1e-05,2.7004,0.6606,0.1813
2026-02-01 19:49:15,42100,367915,5742671,100000,2.1688,0.6664,2.8361,1e-05,3.3153,0.6664,0.0873
2026-02-01 19:54:38,42200,368876,5756103,100000,2.2215,0.674,2.8966,1e-05,3.8929,0.674,0.1172
2026-02-01 19:59:51,42300,369796,5769142,100000,2.1393,0.7012,2.8417,1e-05,3.0871,0.7012,0.1199
2026-02-01 20:05:21,42400,370775,5782916,100000,2.2485,0.6827,2.9328,1e-05,2.211,0.6827,0.1585
2026-02-01 20:10:44,42500,371738,5796370,100000,2.1738,0.6705,2.845,1e-05,3.0782,0.6705,0.0739
2026-02-01 20:16:17,42600,372713,5810130,100000,2.1981,0.6701,2.869,1e-05,4.8996,0.6701,0.0743
2026-02-01 20:21:51,42700,373705,5824102,100000,2.14,0.6668,2.8077,1e-05,3.989,0.6668,0.0867
2026-02-01 20:27:17,42800,374675,5837750,100000,2.1034,0.6707,2.7754,1e-05,4.1894,0.6707,0.1251
2026-02-01 20:32:45,42900,375639,5851410,100000,2.2964,0.6851,2.9825,1e-05,3.1169,0.6851,0.0963
2026-02-01 20:38:17,43000,376616,5865236,100000,2.1409,0.6539,2.7956,1e-05,2.6033,0.6539,0.0837
2026-02-01 20:43:56,43100,377617,5879264,100000,2.192,0.6673,2.8599,1e-05,2.9788,0.6673,0.0737
2026-02-01 20:49:24,43200,378584,5892956,100000,2.133,0.6628,2.7966,1e-05,2.2153,0.6628,0.0769
2026-02-01 20:54:58,43300,379576,5906869,100000,2.1403,0.6863,2.8274,1e-05,4.0251,0.6863,0.0814
2026-02-01 21:00:27,43400,380541,5920537,100000,2.2019,0.6568,2.8595,1e-05,2.8818,0.6568,0.0786
2026-02-01 21:06:11,43500,381571,5934938,100000,2.0989,0.665,2.7647,1e-05,3.2103,0.665,0.0798
2026-02-01 21:11:47,43600,382554,5948809,100000,2.12,0.6724,2.7932,1e-05,4.1085,0.6724,0.0814
2026-02-01 21:17:13,43700,383512,5962386,100000,2.1664,0.6719,2.8389,1e-05,3.6223,0.6719,0.0673
2026-02-01 21:22:46,43800,384501,5976294,100000,2.1534,0.6458,2.8001,1e-05,3.9974,0.6458,0.093
2026-02-01 21:28:14,43900,385476,5989952,100000,2.0964,0.6858,2.783,1e-05,3.0112,0.6858,0.0831
2026-02-01 21:34:01,44000,386495,6004443,100000,2.2274,0.6859,2.9142,1e-05,3.9971,0.6859,0.086
2026-02-01 21:39:31,44100,387461,6018072,100000,2.2735,0.6755,2.9501,1e-05,2.5965,0.6755,0.1066
2026-02-01 21:45:07,44200,388465,6032128,100000,2.1033,0.6814,2.7857,1e-05,2.4976,0.6814,0.0969
2026-02-01 21:50:43,44300,389468,6046229,100000,2.14,0.656,2.7974,1e-05,2.8069,0.656,0.1416
2026-02-01 21:56:20,44400,390460,6060282,100000,2.071,0.6673,2.739,1e-05,3.8079,0.6673,0.0769
2026-02-01 22:01:54,44500,391450,6074170,100000,2.0724,0.6651,2.7386,1e-05,2.3033,0.6651,0.1162
2026-02-01 22:07:32,44600,392451,6088221,100000,2.1711,0.6702,2.8421,1e-05,3.2089,0.6702,0.0799
2026-02-01 22:13:02,44700,393419,6101903,100000,2.02,0.6657,2.6879,1e-05,2.0989,0.6657,0.2089
2026-02-01 22:18:16,44800,394352,6115047,100000,2.2385,0.6777,2.917,1e-05,3.299,0.6777,0.085
2026-02-01 22:23:29,44900,395268,6128040,100000,2.0722,0.6696,2.743,1e-05,2.3087,0.6696,0.1283
2026-02-01 22:28:47,45000,396205,6141297,100000,2.1612,0.684,2.8464,1e-05,3.6002,0.684,0.1246
2026-02-01 22:34:16,45100,397160,6154797,100000,2.0449,0.6664,2.7129,1e-05,2.7904,0.6664,0.1583
2026-02-01 22:39:41,45200,398117,6168369,100000,2.1407,0.6693,2.8111,1e-05,4.1141,0.6693,0.1019
2026-02-01 22:45:17,45300,399112,6182336,100000,2.0451,0.6898,2.7361,1e-05,2.3119,0.6898,0.117
2026-02-01 22:50:45,45400,400085,6196060,100000,2.1115,0.6473,2.7599,1e-05,2.4027,0.6473,0.0983
2026-02-01 22:56:07,45500,401036,6209479,100000,2.131,0.6784,2.8102,1e-05,3.7159,0.6784,0.0794
2026-02-01 23:01:24,45600,401952,6222539,100000,2.2184,0.6756,2.8948,1e-05,2.796,0.6756,0.0793
2026-02-01 23:07:01,45700,402959,6236628,100000,2.0167,0.6573,2.6749,1e-05,3.2037,0.6573,0.0865
2026-02-01 23:12:41,45800,403964,6250879,100000,2.1045,0.6699,2.7754,1e-05,4.4002,0.6699,0.1043
2026-02-01 23:18:23,45900,404971,6265028,100000,2.1164,0.6773,2.7944,1e-05,4.0041,0.6773,0.0667
2026-02-01 23:23:57,46000,405955,6279005,100000,2.1305,0.6741,2.8055,1e-05,3.7079,0.6741,0.0855
2026-02-01 23:29:41,46100,406970,6293350,100000,2.1903,0.678,2.8692,1e-05,2.6902,0.678,0.1024
2026-02-01 23:35:29,46200,408002,6307856,100000,2.0848,0.6731,2.7588,1e-05,3.0785,0.6731,0.0825
2026-02-01 23:41:07,46300,409007,6322005,100000,2.2546,0.677,2.9324,1e-05,2.5129,0.677,0.0777
2026-02-01 23:46:49,46400,410010,6336194,100000,2.1929,0.6995,2.8932,1e-05,3.2171,0.6995,0.089
2026-02-01 23:52:34,46500,411025,6350593,100000,2.2135,0.6919,2.9064,1e-05,3.7842,0.6919,0.0949
2026-02-01 23:58:04,46600,411993,6364311,100000,2.1629,0.6737,2.8375,1e-05,2.985,0.6737,0.0862
2026-02-02 00:03:40,46700,412981,6378284,100000,1.9202,0.6618,2.5837,1e-05,3.1736,0.6618,0.1701
2026-02-02 00:09:22,46800,414003,6392622,100000,2.0216,0.6655,2.6878,1e-05,3.9004,0.6655,0.0826
2026-02-02 00:14:51,46900,414972,6406237,100000,2.2162,0.6923,2.9093,1e-05,2.6981,0.6923,0.0811
2026-02-02 00:20:17,47000,415938,6419910,100000,2.1008,0.6738,2.7755,1e-05,4.3013,0.6738,0.0912
2026-02-02 00:26:05,47100,416943,6434257,100000,2.1615,0.6833,2.8459,1e-05,2.311,0.6833,0.1076
2026-02-02 00:31:34,47200,417917,6448036,100000,2.1547,0.6639,2.8195,1e-05,2.4159,0.6639,0.0798
2026-02-02 00:37:08,47300,418896,6461975,100000,2.1327,0.6596,2.7932,1e-05,3.2969,0.6596,0.0996
2026-02-02 00:42:42,47400,419874,6475856,100000,2.1027,0.6735,2.777,1e-05,4.2824,0.6735,0.0764
2026-02-02 00:48:25,47500,420879,6490134,100000,2.1128,0.6786,2.7927,1e-05,2.8886,0.6786,0.1323
2026-02-02 00:53:53,47600,421843,6503712,100000,2.2084,0.6679,2.8773,1e-05,3.5919,0.6679,0.0934
2026-02-02 00:59:19,47700,422811,6517299,100000,2.1457,0.6476,2.7946,1e-05,3.1054,0.6476,0.1377
2026-02-02 01:05:01,47800,423828,6531588,100000,2.1525,0.6677,2.8211,1e-05,2.6199,0.6677,0.0946
2026-02-02 01:10:37,47900,424818,6545552,100000,2.0192,0.6263,2.6464,1e-05,3.1907,0.6263,0.0887
2026-02-02 01:16:08,48000,425792,6559362,100000,2.0721,0.6518,2.7256,1e-05,5.2027,0.6518,0.1707
2026-02-02 01:21:50,48100,426793,6573511,100000,2.1586,0.672,2.8317,1e-05,2.8883,0.672,0.111
2026-02-02 01:27:16,48200,427744,6587058,100000,2.198,0.6684,2.8673,1e-05,2.5901,0.6684,0.0928
2026-02-02 01:32:36,48300,428681,6600394,100000,2.0373,0.6555,2.6935,1e-05,3.2999,0.6555,0.0701
2026-02-02 01:38:12,48400,429676,6614430,100000,2.0452,0.6768,2.7232,1e-05,3.0975,0.6768,0.1194
2026-02-02 01:43:40,48500,430633,6628067,100000,2.069,0.6484,2.7184,1e-05,2.4955,0.6484,0.0965
2026-02-02 01:48:58,48600,431556,6641190,100000,2.081,0.7112,2.7932,1e-05,3.8027,0.7112,0.1114
2026-02-02 01:54:28,48700,432529,6654966,100000,2.0302,0.6644,2.6953,1e-05,3.9121,0.6644,0.0749
2026-02-02 01:59:45,48800,433466,6668143,100000,2.1632,0.6797,2.8439,1e-05,3.6908,0.6797,0.0926
2026-02-02 02:05:24,48900,434458,6682231,100000,2.3347,0.6676,3.0042,1e-05,4.4896,0.6676,0.1932
2026-02-02 02:10:49,49000,435425,6695797,100000,2.0925,0.6697,2.7631,1e-05,3.0884,0.6697,0.0927
2026-02-02 02:16:31,49100,436433,6710008,100000,2.0596,0.6807,2.7414,1e-05,3.7905,0.6807,0.1034
2026-02-02 02:22:01,49200,437415,6723806,100000,2.2835,0.6709,2.9555,1e-05,2.0898,0.6709,0.1168
2026-02-02 02:27:22,49300,438357,6737146,100000,2.0533,0.6605,2.7147,1e-05,3.4034,0.6605,0.0863
2026-02-02 02:32:56,49400,439349,6751075,100000,2.1982,0.6412,2.8408,1e-05,3.2067,0.6412,0.1439
2026-02-02 02:38:35,49500,440353,6765229,100000,2.244,0.6831,2.9281,1e-05,3.5864,0.6831,0.0954
2026-02-02 02:44:17,49600,441343,6779354,100000,2.1691,0.6856,2.8555,1e-05,3.6837,0.6856,0.0749
2026-02-02 02:49:49,49700,442322,6793200,100000,2.2116,0.6639,2.8763,1e-05,2.2134,0.6639,0.0713
2026-02-02 02:55:12,49800,443270,6806616,100000,2.2315,0.6863,2.9187,1e-05,3.6849,0.6863,0.082
2026-02-02 03:00:38,49900,444217,6820170,100000,2.0251,0.6676,2.6934,1e-05,2.6942,0.6676,0.0683
2026-02-02 03:06:08,50000,445184,6833862,100000,2.0638,0.683,2.7481,1e-05,2.677,0.683,0.1374
