datetime,training_steps,num_games_received,num_transitions_received,replay_size,policy_loss,value_loss,total_loss,learning_rate,batch_time,wdl_loss,plies_loss
2026-02-10 09:35:11,100,890,13884,13884,5.1128,1.0082,6.1762,0.01,4.1613,0.9987,6.4699
2026-02-10 09:45:11,200,1780,27768,27768,5.1551,1.0146,6.2123,0.01,4.0363,0.999,5.8129
2026-02-10 09:55:28,300,2670,41652,41652,5.178,0.9979,6.2278,0.01,3.799,0.9982,5.1542
2026-02-10 10:05:35,400,3560,55536,55536,5.158,1.0109,6.2036,0.01,3.8168,1.0011,4.4533
2026-02-10 10:15:36,500,4450,69420,69420,5.152,1.0061,6.2031,0.01,3.8044,1.0126,3.8394
2026-02-10 10:25:55,600,5340,83304,83304,5.1247,0.9995,6.163,0.01,3.8115,1.0012,3.7125
2026-02-10 10:36:17,700,6230,97188,97188,5.1015,0.9965,6.1475,0.01,3.9135,1.0092,3.6712
2026-02-10 10:46:29,800,7120,111072,100000,5.092,0.9934,6.1418,0.01,3.7266,1.0139,3.596
2026-02-10 10:56:40,900,8009,124940,100000,5.0851,0.9969,6.1273,0.01,3.9202,1.007,3.5177
2026-02-10 11:06:42,1000,8900,138840,100000,5.1346,1.0043,6.1708,0.01,3.7451,1.0019,3.4333
2026-02-10 11:16:45,1100,9790,152724,100000,5.1284,1.0058,6.167,0.01,3.7846,1.0053,3.3354
2026-02-10 11:27:03,1200,10680,166608,100000,5.1306,1.0065,6.173,0.01,3.9308,1.0102,3.2255
2026-02-10 11:37:16,1300,11570,180492,100000,5.1104,0.9931,6.1584,0.01,3.9637,1.0166,3.1326
2026-02-10 11:47:18,1400,12460,194376,100000,5.0896,0.988,6.1326,0.01,3.8112,1.0123,3.0801
2026-02-10 11:57:46,1500,13350,208260,100000,5.0775,1.0038,6.1208,0.01,4.0454,1.0136,2.963
2026-02-10 12:07:46,1600,14240,222144,100000,5.0821,1.0068,6.1139,0.01,3.9715,1.0031,2.8698
2026-02-10 12:17:52,1700,15130,236028,100000,5.1231,1.0149,6.1467,0.01,3.7783,0.9959,2.7688
2026-02-10 12:28:06,1800,16019,249896,100000,5.1244,1.0125,6.1392,0.01,3.8173,0.988,2.6793
2026-02-10 12:38:08,1900,16910,263796,100000,5.1117,0.9983,6.1249,0.01,3.7259,0.9872,2.5947
2026-02-10 12:48:32,2000,17800,277680,100000,5.1122,1.0056,6.1279,0.01,3.8403,0.9905,2.5195
2026-02-10 12:58:36,2100,18690,291564,100000,5.0798,1.0046,6.0991,0.01,3.6706,0.9943,2.492
2026-02-10 13:09:02,2200,19580,305448,100000,5.1385,1.0016,6.1508,0.01,3.82,0.9876,2.4666
2026-02-10 13:18:57,2300,20470,319332,100000,5.0963,0.9941,6.116,0.01,3.6072,0.9954,2.4379
2026-02-10 13:29:07,2400,21360,333216,100000,5.1127,0.9956,6.1303,0.01,3.8657,0.9934,2.428
2026-02-10 13:39:27,2500,22250,347100,100000,5.1765,0.9951,6.1896,0.01,3.8725,0.9892,2.3814
2026-02-10 13:49:30,2600,23140,360984,100000,5.0753,1.0008,6.0855,0.01,4.0061,0.9864,2.3784
2026-02-10 13:59:42,2700,24030,374868,100000,5.0639,0.9985,6.087,0.01,3.8091,0.9992,2.3908
2026-02-10 14:09:54,2800,24920,388752,100000,5.0775,1.0058,6.0954,0.01,3.5565,0.9945,2.3401
2026-02-10 14:20:13,2900,25810,402636,100000,5.106,0.995,6.1156,0.01,3.5373,0.9865,2.3213
2026-02-10 14:30:13,3000,26700,416520,100000,5.0678,0.9975,6.0737,0.01,3.6652,0.9823,2.3606
2026-02-10 14:40:40,3100,27590,430404,100000,5.0919,0.9985,6.1095,0.01,3.9863,0.9947,2.285
2026-02-10 14:50:37,3200,28480,444288,100000,5.1075,0.9908,6.1166,0.01,3.9503,0.9868,2.2275
2026-02-10 15:00:59,3300,29370,458172,100000,5.1194,0.9855,6.1337,0.01,4.0239,0.9922,2.2158
2026-02-10 15:11:14,3400,30260,472056,100000,5.0544,0.9959,6.072,0.01,3.7868,0.9952,2.2449
2026-02-10 15:21:19,3500,31150,485940,100000,5.1096,0.9971,6.1086,0.01,3.728,0.9765,2.2494
2026-02-10 15:31:22,3600,32039,499808,100000,5.1586,0.9935,6.1676,0.01,3.7262,0.9873,2.1708
2026-02-10 15:41:40,3700,32930,513708,100000,5.1473,0.995,6.1522,0.01,3.9071,0.9832,2.1625
2026-02-10 15:51:54,3800,33820,527592,100000,5.1108,0.9893,6.1086,0.01,3.7705,0.9764,2.1346
2026-02-10 16:02:05,3900,34710,541476,100000,5.0983,0.9919,6.0952,0.01,3.7451,0.9759,2.098
2026-02-10 16:11:58,4000,35600,555360,100000,5.0375,0.988,6.0389,0.01,3.966,0.981,2.0417
2026-02-10 16:22:10,4100,36490,569244,100000,5.0969,0.9907,6.0992,0.01,3.7537,0.9817,2.0675
2026-02-10 16:32:26,4200,37380,583128,100000,5.1496,0.9963,6.1517,0.01,3.7655,0.9818,2.0264
2026-02-10 16:42:38,4300,38270,597012,100000,5.1484,0.9908,6.1439,0.01,3.6093,0.9753,2.0208
2026-02-10 16:52:58,4400,39160,610896,100000,5.0488,0.9951,6.0514,0.01,3.6774,0.9826,2.0013
2026-02-10 17:02:54,4500,40050,624780,100000,5.0763,0.9858,6.0828,0.01,3.8344,0.9863,2.0179
2026-02-10 17:13:14,4600,40940,638664,100000,5.0965,0.9861,6.1057,0.01,3.9432,0.9892,1.9979
2026-02-10 17:23:33,4700,41830,652548,100000,5.0945,0.9797,6.0993,0.01,3.6728,0.9855,1.9282
2026-02-10 17:33:47,4800,42720,666432,100000,5.1348,0.9842,6.142,0.01,3.4199,0.9882,1.905
2026-02-10 17:43:37,4900,43610,680316,100000,5.0758,0.9869,6.0848,0.01,3.6854,0.9899,1.9098
2026-02-10 17:53:57,5000,44500,694200,100000,5.0788,0.9863,6.0802,0.01,3.9331,0.9828,1.8498
2026-02-10 18:04:05,5100,45390,708084,100000,5.1065,0.9825,6.1049,0.01,3.7474,0.98,1.8317
2026-02-10 18:14:24,5200,46280,721968,100000,5.1235,0.9884,6.1184,0.01,3.7856,0.9767,1.8244
2026-02-10 18:24:40,5300,47170,735852,100000,5.1026,0.9894,6.0948,0.01,3.7713,0.9744,1.7703
2026-02-10 18:34:45,5400,48060,749736,100000,5.1125,0.9727,6.1045,0.01,3.498,0.9745,1.743
2026-02-10 18:44:56,5500,48950,763620,100000,5.0966,0.9777,6.0741,0.01,3.3193,0.9604,1.7091
2026-02-10 18:55:07,5600,49840,777504,100000,5.0414,0.9611,6.0197,0.01,3.56,0.9611,1.7239
2026-02-10 19:05:11,5700,50730,791388,100000,5.0768,0.958,6.0588,0.01,3.7271,0.965,1.6999
2026-02-10 19:15:31,5800,51620,805272,100000,5.0371,0.958,6.0066,0.01,3.552,0.9524,1.7083
2026-02-10 19:25:30,5900,52510,819156,100000,4.9842,0.9579,5.9511,0.01,3.622,0.95,1.6823
2026-02-10 19:35:49,6000,53400,833040,100000,5.0129,0.9492,5.9937,0.01,3.5933,0.9641,1.6683
2026-02-10 19:46:10,6100,54290,846924,100000,5.057,0.9456,6.029,0.01,3.5591,0.9556,1.6362
2026-02-10 19:56:03,6200,55180,860808,100000,5.0467,0.9468,6.0174,0.01,3.5036,0.9545,1.6276
2026-02-10 20:06:12,6300,56070,874692,100000,5.0379,0.941,6.0116,0.01,3.7787,0.9578,1.5936
2026-02-10 20:16:22,6400,56960,888576,100000,5.0067,0.937,5.9762,0.01,3.7516,0.954,1.5484
2026-02-10 20:26:32,6500,57850,902460,100000,4.9157,0.941,5.8811,0.01,3.7092,0.9498,1.562
2026-02-10 20:36:49,6600,58740,916344,100000,4.9577,0.9423,5.9224,0.01,3.6589,0.9492,1.5509
2026-02-10 20:47:00,6700,59630,930228,100000,4.9556,0.9353,5.9199,0.01,3.7422,0.9488,1.5606
2026-02-10 20:57:07,6800,60520,944112,100000,4.8729,0.9309,5.835,0.01,3.667,0.9472,1.5018
2026-02-10 21:07:36,6900,61410,957996,100000,4.8869,0.927,5.8512,0.01,3.7149,0.9498,1.4554
2026-02-10 21:17:29,7000,62300,971880,100000,4.881,0.9209,5.8528,0.01,3.6201,0.9577,1.4052
2026-02-10 21:27:45,7100,63189,985748,100000,4.9259,0.9162,5.893,0.01,3.7147,0.9539,1.3212
2026-02-10 21:37:56,7200,64079,999632,100000,4.9138,0.9093,5.8852,0.01,3.6729,0.9582,1.3266
2026-02-10 21:48:14,7300,64969,1013516,100000,4.9079,0.9143,5.8762,0.01,3.7595,0.9548,1.3538
2026-02-10 21:58:25,7400,65860,1027416,100000,4.8984,0.9102,5.8648,0.01,3.5342,0.9532,1.324
2026-02-10 22:08:32,7500,66750,1041300,100000,4.8461,0.9064,5.8093,0.01,3.5314,0.9506,1.2632
2026-02-10 22:18:41,7600,67640,1055184,100000,4.8013,0.9048,5.7584,0.01,3.4746,0.9442,1.292
2026-02-10 22:29:00,7700,68530,1069068,100000,4.832,0.9042,5.7894,0.01,3.7906,0.9447,1.2665
2026-02-10 22:39:14,7800,69420,1082952,100000,4.8299,0.9073,5.786,0.01,3.6555,0.9436,1.248
2026-02-10 22:49:17,7900,70310,1096836,100000,4.8311,0.8968,5.7785,0.01,3.6634,0.9351,1.2262
2026-02-10 22:59:41,8000,71200,1110720,100000,4.8219,0.8899,5.7746,0.01,3.4627,0.9406,1.2107
2026-02-10 23:09:47,8100,72090,1124604,100000,4.8035,0.8885,5.7571,0.01,3.4703,0.9414,1.2187
2026-02-10 23:19:47,8200,72980,1138488,100000,4.819,0.88,5.7707,0.01,3.3791,0.94,1.1717
2026-02-10 23:30:14,8300,73870,1152372,100000,4.8101,0.8869,5.7558,0.01,3.5332,0.9339,1.1792
2026-02-10 23:40:06,8400,74760,1166256,100000,4.7786,0.8859,5.7102,0.01,3.4914,0.9199,1.1722
2026-02-10 23:50:29,8500,75650,1180140,100000,4.7251,0.8822,5.6718,0.01,3.7768,0.9347,1.1994
2026-02-11 00:00:40,8600,76540,1194024,100000,4.6783,0.8741,5.6222,0.01,3.6007,0.9323,1.1613
2026-02-11 00:10:41,8700,77430,1207908,100000,4.6844,0.8738,5.6161,0.01,3.7549,0.9197,1.1968
2026-02-11 00:20:59,8800,78320,1221792,100000,4.7166,0.8736,5.6569,0.01,3.6785,0.9285,1.186
2026-02-11 00:31:04,8900,79210,1235676,100000,4.7536,0.8685,5.6901,0.01,3.7249,0.9245,1.1985
2026-02-11 00:41:26,9000,80100,1249560,100000,4.7274,0.8599,5.6683,0.01,3.5681,0.9294,1.1508
2026-02-11 00:51:25,9100,80990,1263444,100000,4.7408,0.8463,5.679,0.01,3.6068,0.9267,1.1581
2026-02-11 01:01:44,9200,81880,1277328,100000,4.7541,0.854,5.6969,0.01,3.6084,0.9314,1.1477
2026-02-11 01:11:52,9300,82770,1291212,100000,4.7874,0.8478,5.7263,0.01,3.5309,0.928,1.1003
2026-02-11 01:21:57,9400,83660,1305096,100000,4.7388,0.8405,5.6759,0.01,3.6607,0.9261,1.1019
2026-02-11 01:32:24,9500,84550,1318980,100000,4.7458,0.8456,5.6808,0.01,3.4642,0.9241,1.0944
2026-02-11 01:42:35,9600,85440,1332864,100000,4.7089,0.8427,5.6478,0.01,3.5413,0.9282,1.0763
2026-02-11 01:52:36,9700,86330,1346748,100000,4.6477,0.8294,5.5745,0.01,3.5687,0.9161,1.0685
2026-02-11 02:02:49,9800,87220,1360632,100000,4.5884,0.8296,5.5221,0.01,3.6144,0.9233,1.047
2026-02-11 02:12:52,9900,88110,1374516,100000,4.6279,0.8268,5.5616,0.01,3.481,0.9231,1.0541
2026-02-11 02:23:14,10000,89000,1388400,100000,4.6552,0.8311,5.5817,0.01,3.6451,0.9159,1.0695
2026-02-11 02:33:28,10100,89890,1402284,100000,4.6977,0.8142,5.6233,0.01,3.5221,0.9151,1.0486
2026-02-11 02:43:35,10200,90780,1416168,100000,4.6207,0.8141,5.5427,0.01,3.5055,0.9118,1.0191
2026-02-11 02:53:41,10300,91670,1430052,100000,4.6107,0.8135,5.5337,0.01,3.4534,0.9124,1.057
2026-02-11 03:04:00,10400,92560,1443936,100000,4.5807,0.8205,5.5077,0.01,3.5002,0.9166,1.0391
2026-02-11 03:14:00,10500,93450,1457820,100000,4.4974,0.807,5.417,0.01,3.6117,0.9093,1.0357
2026-02-11 03:24:21,10600,94340,1471704,100000,4.5279,0.7887,5.4512,0.01,3.9649,0.913,1.0246
2026-02-11 03:34:18,10700,95230,1485588,100000,4.5125,0.7882,5.4375,0.01,3.4358,0.9149,1.0093
2026-02-11 03:44:35,10800,96120,1499472,100000,4.4707,0.7956,5.3944,0.01,3.6465,0.9135,1.0224
2026-02-11 03:54:51,10900,97010,1513356,100000,4.5247,0.8001,5.4518,0.01,3.7304,0.9171,1.0001
2026-02-11 04:04:47,11000,97900,1527240,100000,4.4752,0.8054,5.3946,0.01,3.8363,0.9094,0.9982
2026-02-11 04:15:16,11100,98790,1541124,100000,4.4748,0.7981,5.394,0.01,3.7319,0.9096,0.9623
2026-02-11 04:25:21,11200,99680,1555008,100000,4.4453,0.7861,5.373,0.01,3.7126,0.9183,0.939
2026-02-11 04:35:32,11300,100570,1568892,100000,4.4113,0.789,5.3294,0.01,3.8653,0.9085,0.9511
2026-02-11 04:45:53,11400,101460,1582776,100000,4.4027,0.7832,5.3156,0.01,3.7233,0.9029,0.9999
2026-02-11 04:55:49,11500,102350,1596660,100000,4.4161,0.7777,5.3265,0.01,3.6725,0.9006,0.9801
2026-02-11 05:05:56,11600,103240,1610544,100000,4.3719,0.7748,5.2841,0.01,3.6277,0.9021,1.0041
2026-02-11 05:16:07,11700,104130,1624428,100000,4.3179,0.779,5.2235,0.01,3.6626,0.8958,0.979
2026-02-11 05:26:34,11800,105020,1638312,100000,4.3799,0.7663,5.284,0.01,3.838,0.8944,0.9643
2026-02-11 05:36:35,11900,105910,1652196,100000,4.3597,0.7584,5.2544,0.01,3.5861,0.8853,0.9322
2026-02-11 05:46:53,12000,106800,1666080,100000,4.3038,0.7587,5.1976,0.01,3.7305,0.8845,0.9262
2026-02-11 05:56:49,12100,107690,1679964,100000,4.2947,0.7568,5.188,0.01,3.3646,0.8837,0.9574
2026-02-11 06:07:16,12200,108580,1693848,100000,4.2414,0.7497,5.133,0.01,3.5489,0.882,0.9535
2026-02-11 06:17:31,12300,109470,1707732,100000,4.2507,0.7444,5.1441,0.01,3.5165,0.8844,0.9099
2026-02-11 06:27:26,12400,110360,1721616,100000,4.2705,0.7474,5.1701,0.01,3.7088,0.8907,0.8906
2026-02-11 06:37:54,12500,111250,1735500,100000,4.1934,0.7523,5.0896,0.01,3.7308,0.887,0.916
2026-02-11 06:47:44,12600,112140,1749384,100000,4.2281,0.7487,5.1169,0.01,3.7361,0.88,0.8837
2026-02-11 06:58:02,12700,113030,1763268,100000,4.2317,0.7451,5.1252,0.01,3.7106,0.8845,0.8959
2026-02-11 07:08:11,12800,113920,1777152,100000,4.1946,0.7448,5.0886,0.01,3.6694,0.8854,0.8586
2026-02-11 07:18:23,12900,114810,1791036,100000,4.1799,0.724,5.0655,0.01,3.3626,0.8769,0.8708
2026-02-11 07:28:42,13000,115700,1804920,100000,4.1525,0.716,5.0423,0.01,3.5154,0.8808,0.8904
2026-02-11 07:38:56,13100,116590,1818804,100000,4.1287,0.7154,5.0129,0.01,3.3765,0.8754,0.88
2026-02-11 07:48:58,13200,117480,1832688,100000,4.0708,0.7103,4.9542,0.01,3.6102,0.8748,0.8591
2026-02-11 07:59:05,13300,118370,1846572,100000,4.1324,0.7073,5.0143,0.01,3.497,0.8734,0.8439
2026-02-11 08:09:17,13400,119260,1860456,100000,4.0863,0.7103,4.9748,0.01,3.5298,0.8803,0.8286
2026-02-11 08:19:31,13500,120150,1874340,100000,4.0796,0.7017,4.9617,0.01,3.4805,0.8739,0.8192
2026-02-11 08:29:42,13600,121040,1888224,100000,4.0576,0.7009,4.9392,0.01,3.5278,0.8732,0.8361
2026-02-11 08:40:08,13700,121930,1902108,100000,4.0577,0.6894,4.941,0.01,3.5599,0.8749,0.8385
2026-02-11 08:50:13,13800,122820,1915992,100000,4.0515,0.6887,4.9392,0.01,3.611,0.8794,0.8196
2026-02-11 09:00:16,13900,123710,1929876,100000,3.9964,0.7,4.8856,0.01,3.4166,0.8815,0.7727
2026-02-11 09:10:23,14000,124600,1943760,100000,4.0016,0.6917,4.8795,0.01,3.6742,0.8702,0.7641
2026-02-11 09:20:28,14100,125489,1957628,100000,3.9773,0.6913,4.8618,0.01,3.46,0.8768,0.7734
2026-02-11 09:30:52,14200,126379,1971512,100000,3.9411,0.6914,4.8233,0.01,3.4781,0.8745,0.7679
2026-02-11 09:40:50,14300,127269,1985396,100000,3.9761,0.6825,4.8613,0.01,3.176,0.8779,0.7321
2026-02-11 09:51:11,14400,128159,1999280,100000,3.9782,0.683,4.8639,0.01,3.4122,0.8782,0.7549
2026-02-11 10:01:17,14500,129049,2013164,100000,3.9131,0.6791,4.7907,0.01,3.5925,0.8696,0.8006
2026-02-11 10:11:47,14600,129939,2027048,100000,3.8929,0.6783,4.7688,0.01,3.6951,0.8686,0.7357
2026-02-11 10:21:58,14700,130829,2040932,100000,3.8558,0.6682,4.7292,0.01,3.6532,0.8661,0.7312
2026-02-11 10:32:06,14800,131720,2054832,100000,3.8275,0.6573,4.7032,0.01,3.6298,0.8681,0.7575
2026-02-11 10:42:08,14900,132610,2068716,100000,3.8105,0.6532,4.693,0.01,3.4788,0.8753,0.7218
2026-02-11 10:52:25,15000,133500,2082600,100000,3.836,0.6522,4.7126,0.01,3.4454,0.8696,0.7028
2026-02-11 11:02:28,15100,134390,2096484,100000,3.7837,0.6561,4.6538,0.01,3.4547,0.863,0.7026
2026-02-11 11:12:42,15200,135280,2110368,100000,3.7512,0.6515,4.6349,0.01,3.4998,0.8766,0.7066
2026-02-11 11:22:42,15300,136170,2124252,100000,3.776,0.6464,4.6463,0.01,3.3681,0.8635,0.6837
2026-02-11 11:33:00,15400,137060,2138136,100000,3.7497,0.6436,4.6195,0.01,3.3979,0.8628,0.6988
2026-02-11 11:43:14,15500,137950,2152020,100000,3.7824,0.6479,4.6509,0.01,3.5182,0.8621,0.6407
2026-02-11 11:53:29,15600,138840,2165904,100000,3.7272,0.6379,4.5887,0.01,3.523,0.8548,0.6655
2026-02-11 12:03:32,15700,139730,2179788,100000,3.7077,0.6439,4.5765,0.01,3.4878,0.8621,0.6657
2026-02-11 12:13:56,15800,140620,2193672,100000,3.6823,0.6285,4.5551,0.01,3.3884,0.8663,0.6506
2026-02-11 12:23:53,15900,141510,2207556,100000,3.6204,0.6238,4.4886,0.01,3.4802,0.8616,0.6514
2026-02-11 12:34:00,16000,142400,2221440,100000,3.6577,0.6282,4.5242,0.01,3.5046,0.86,0.6404
2026-02-11 12:44:29,16100,143290,2235324,100000,3.6808,0.6261,4.5452,0.01,3.672,0.8578,0.6583
2026-02-11 12:54:19,16200,144180,2249208,100000,3.6925,0.6153,4.5469,0.01,3.5619,0.8482,0.6242
2026-02-11 13:04:40,16300,145070,2263092,100000,3.6612,0.6131,4.5215,0.01,3.6318,0.8542,0.6144
2026-02-11 13:14:52,16400,145960,2276976,100000,3.6663,0.6067,4.5206,0.01,3.3797,0.8486,0.578
2026-02-11 13:24:52,16500,146850,2290860,100000,3.6409,0.6111,4.4939,0.01,3.6497,0.8474,0.5639
2026-02-11 13:35:09,16600,147740,2304744,100000,3.6268,0.6092,4.486,0.01,3.3781,0.8535,0.5722
2026-02-11 13:45:34,16700,148630,2318628,100000,3.5965,0.5991,4.4604,0.01,3.4185,0.8585,0.544
2026-02-11 13:55:47,16800,149520,2332512,100000,3.5962,0.5993,4.4525,0.01,3.399,0.8508,0.5427
2026-02-11 14:05:46,16900,150410,2346396,100000,3.5696,0.593,4.4326,0.01,3.3615,0.8577,0.528
2026-02-11 14:15:53,17000,151300,2360280,100000,3.5954,0.5901,4.4642,0.01,3.3763,0.8635,0.5349
2026-02-11 14:26:04,17100,152190,2374164,100000,3.5664,0.5877,4.4291,0.01,3.3535,0.8572,0.5464
2026-02-11 14:36:31,17200,153080,2388048,100000,3.539,0.581,4.3976,0.01,3.4205,0.8529,0.5642
2026-02-11 14:46:43,17300,153970,2401932,100000,3.548,0.582,4.4052,0.01,3.4672,0.8522,0.5072
2026-02-11 14:56:43,17400,154860,2415816,100000,3.548,0.5806,4.4015,0.01,3.5916,0.8483,0.5154
2026-02-11 15:06:53,17500,155750,2429700,100000,3.4985,0.5779,4.3478,0.01,3.6541,0.844,0.5368
2026-02-11 15:17:13,17600,156640,2443584,100000,3.4895,0.5787,4.3446,0.01,3.7427,0.8496,0.5524
2026-02-11 15:27:11,17700,157530,2457468,100000,3.4938,0.569,4.3513,0.01,3.6226,0.8519,0.5552
2026-02-11 15:37:26,17800,158420,2471352,100000,3.5169,0.556,4.368,0.01,3.4153,0.8462,0.4928
2026-02-11 15:47:37,17900,159310,2485236,100000,3.5253,0.5543,4.374,0.01,3.7079,0.8439,0.4816
2026-02-11 15:57:54,18000,160200,2499120,100000,3.5309,0.5556,4.3773,0.01,3.6147,0.8414,0.4952
2026-02-11 16:07:49,18100,161090,2513004,100000,3.4995,0.5531,4.3442,0.01,3.198,0.8396,0.5096
2026-02-11 16:18:23,18200,161980,2526888,100000,3.4657,0.5533,4.3078,0.01,3.4235,0.837,0.5008
2026-02-11 16:28:28,18300,162870,2540772,100000,3.43,0.5528,4.2677,0.01,3.4067,0.8328,0.4954
2026-02-11 16:38:25,18400,163760,2554656,100000,3.4519,0.5452,4.2999,0.01,3.3291,0.8432,0.4914
2026-02-11 16:48:50,18500,164650,2568540,100000,3.4418,0.54,4.2871,0.01,3.3079,0.8406,0.4675
2026-02-11 16:58:49,18600,165540,2582424,100000,3.4553,0.5308,4.3014,0.01,3.3782,0.8414,0.4755
2026-02-11 17:09:04,18700,166430,2596308,100000,3.4715,0.5367,4.3267,0.01,3.3003,0.8503,0.4913
2026-02-11 17:19:17,18800,167320,2610192,100000,3.5003,0.5297,4.3467,0.01,3.3941,0.8417,0.4726
2026-02-11 17:29:33,18900,168210,2624076,100000,3.4291,0.52,4.2774,0.01,3.3828,0.8433,0.4951
2026-02-11 17:39:36,19000,169100,2637960,100000,3.4334,0.5137,4.2711,0.01,3.3756,0.8336,0.4195
2026-02-11 17:49:43,19100,169990,2651844,100000,3.3697,0.5132,4.2069,0.01,3.4483,0.8329,0.439
2026-02-11 18:00:09,19200,170880,2665728,100000,3.4113,0.5224,4.2552,0.01,3.4632,0.839,0.4883
2026-02-11 18:10:02,19300,171770,2679612,100000,3.3622,0.5198,4.2034,0.01,3.6232,0.8363,0.4905
2026-02-11 18:20:34,19400,172660,2693496,100000,3.366,0.5024,4.1997,0.01,3.5522,0.8287,0.502
2026-02-11 18:30:43,19500,173550,2707380,100000,3.3362,0.5022,4.1655,0.01,3.3473,0.8245,0.4786
2026-02-11 18:40:47,19600,174440,2721264,100000,3.391,0.5024,4.2275,0.01,3.3792,0.8321,0.4397
2026-02-11 18:50:55,19700,175330,2735148,100000,3.3816,0.5026,4.2143,0.01,3.5959,0.8283,0.4362
2026-02-11 19:00:58,19800,176220,2749032,100000,3.382,0.499,4.2215,0.01,3.6871,0.8347,0.4759
2026-02-11 19:11:26,19900,177110,2762916,100000,3.3488,0.4898,4.1879,0.01,3.4193,0.8349,0.4212
2026-02-11 19:21:26,20000,178000,2776800,100000,3.344,0.4901,4.1797,0.01,3.4851,0.8315,0.4154
2026-02-11 19:31:42,20100,178890,2790684,100000,3.2964,0.4826,4.1314,0.01,3.3727,0.8311,0.3959
2026-02-11 19:41:46,20200,179780,2804568,100000,3.2883,0.4677,4.1271,0.01,3.3483,0.8347,0.4111
2026-02-11 19:52:05,20300,180670,2818452,100000,3.3302,0.4684,4.1665,0.01,3.1821,0.8321,0.4186
2026-02-11 20:02:17,20400,181560,2832336,100000,3.2548,0.4668,4.0848,0.01,3.0996,0.8256,0.4414
2026-02-11 20:12:12,20500,182450,2846220,100000,3.2705,0.4737,4.1038,0.01,3.2256,0.8291,0.4204
2026-02-11 20:22:29,20600,183340,2860104,100000,3.3032,0.4752,4.1344,0.01,3.3433,0.8266,0.4633
2026-02-11 20:32:47,20700,184230,2873988,100000,3.3082,0.4616,4.1386,0.01,3.4218,0.8258,0.4579
2026-02-11 20:42:47,20800,185120,2887872,100000,3.2941,0.461,4.1276,0.01,3.2875,0.8293,0.431
2026-02-11 20:53:00,20900,186010,2901756,100000,3.2652,0.4583,4.0984,0.01,3.3062,0.8291,0.4076
2026-02-11 21:03:19,21000,186900,2915640,100000,3.2844,0.4463,4.1205,0.01,3.3558,0.8322,0.3859
2026-02-11 21:13:27,21100,187790,2929524,100000,3.2427,0.4357,4.0737,0.01,3.3411,0.8269,0.4094
2026-02-11 21:23:35,21200,188680,2943408,100000,3.2268,0.4407,4.0543,0.01,3.0134,0.8229,0.4569
2026-02-11 21:34:03,21300,189570,2957292,100000,3.1703,0.4421,3.996,0.01,3.0853,0.8214,0.4308
2026-02-11 21:44:03,21400,190460,2971176,100000,3.1959,0.4365,4.024,0.01,3.2545,0.8241,0.4006
2026-02-11 21:54:15,21500,191350,2985060,100000,3.1844,0.4199,4.0073,0.01,3.3819,0.8188,0.4069
2026-02-11 22:04:21,21600,192240,2998944,100000,3.1832,0.4265,4.0056,0.01,3.2514,0.8185,0.3987
2026-02-11 22:14:32,21700,193130,3012828,100000,3.1157,0.4241,3.935,0.01,3.432,0.8155,0.386
2026-02-11 22:24:54,21800,194020,3026712,100000,3.1118,0.4193,3.9295,0.01,3.0208,0.8142,0.3586
2026-02-11 22:34:58,21900,194910,3040596,100000,3.1332,0.4186,3.9534,0.01,3.3607,0.8163,0.3843
2026-02-11 22:45:03,22000,195800,3054480,100000,3.1081,0.4116,3.9425,0.01,3.2612,0.8302,0.4261
2026-02-11 22:55:08,22100,196690,3068364,100000,3.1431,0.4165,3.9687,0.01,3.3046,0.8212,0.437
2026-02-11 23:05:37,22200,197580,3082248,100000,3.1916,0.4134,4.0164,0.01,3.2066,0.8204,0.4353
2026-02-11 23:15:43,22300,198470,3096132,100000,3.1494,0.4068,3.9724,0.01,3.1328,0.8188,0.4172
2026-02-11 23:25:43,22400,199360,3110016,100000,3.1393,0.4069,3.9598,0.01,3.2066,0.8164,0.4138
2026-02-11 23:36:09,22500,200250,3123900,100000,3.1058,0.4032,3.9261,0.01,3.2813,0.816,0.4224
2026-02-11 23:46:22,22600,201140,3137784,100000,3.0859,0.391,3.9154,0.01,3.1668,0.8254,0.4025
2026-02-11 23:56:30,22700,202030,3151668,100000,3.0454,0.3919,3.867,0.01,3.3526,0.8176,0.4
2026-02-12 00:06:49,22800,202920,3165552,100000,3.0771,0.3884,3.9044,0.01,3.2794,0.8234,0.3835
2026-02-12 00:16:44,22900,203810,3179436,100000,3.0345,0.3776,3.8592,0.01,3.3106,0.8206,0.4073
2026-02-12 00:26:54,23000,204700,3193320,100000,3.0333,0.3773,3.8483,0.01,3.2234,0.8113,0.373
2026-02-12 00:37:18,23100,205590,3207204,100000,3.0255,0.3815,3.8376,0.01,3.1924,0.8082,0.391
2026-02-12 00:47:33,23200,206480,3221088,100000,2.9995,0.3752,3.8109,0.01,3.2539,0.8074,0.401
2026-02-12 00:57:38,23300,207370,3234972,100000,2.9971,0.3824,3.8047,0.01,3.1158,0.8035,0.4035
2026-02-12 01:07:46,23400,208260,3248856,100000,3.0067,0.3851,3.8237,0.01,3.3058,0.8129,0.4007
2026-02-12 01:17:48,23500,209150,3262740,100000,3.0374,0.3726,3.8538,0.01,3.1446,0.8127,0.3738
2026-02-12 01:28:07,23600,210040,3276624,100000,3.0161,0.3703,3.8325,0.01,3.2815,0.8129,0.3591
2026-02-12 01:38:13,23700,210930,3290508,100000,3.0374,0.3758,3.8455,0.01,3.1488,0.8046,0.3549
2026-02-12 01:48:21,23800,211820,3304392,100000,3.0151,0.3626,3.827,0.01,3.2036,0.8084,0.3527
2026-02-12 01:58:36,23900,212710,3318276,100000,2.9951,0.3518,3.8029,0.01,3.1658,0.8045,0.3348
2026-02-12 02:08:53,24000,213600,3332160,100000,2.991,0.348,3.812,0.01,3.3835,0.8175,0.3403
2026-02-12 02:19:04,24100,214490,3346044,100000,2.9686,0.3407,3.7818,0.01,3.5336,0.8098,0.3373
2026-02-12 02:29:10,24200,215380,3359928,100000,2.9897,0.3368,3.8011,0.01,3.3346,0.8081,0.3284
2026-02-12 02:39:24,24300,216270,3373812,100000,2.9756,0.3432,3.7868,0.01,3.3573,0.8077,0.3508
2026-02-12 02:49:35,24400,217160,3387696,100000,2.9671,0.3413,3.7731,0.01,3.3396,0.8026,0.3355
2026-02-12 02:59:39,24500,218050,3401580,100000,3.0071,0.3433,3.8111,0.01,3.3926,0.8005,0.3489
2026-02-12 03:09:54,24600,218940,3415464,100000,2.9505,0.3446,3.7535,0.01,3.4516,0.7992,0.3789
2026-02-12 03:20:05,24700,219830,3429348,100000,2.9213,0.3369,3.7299,0.01,3.5699,0.8046,0.3947
2026-02-12 03:30:24,24800,220720,3443232,100000,2.9315,0.336,3.7337,0.01,3.4069,0.7985,0.3653
2026-02-12 03:40:23,24900,221610,3457116,100000,2.9438,0.3342,3.746,0.01,3.1064,0.7984,0.3726
2026-02-12 03:50:40,25000,222500,3471000,100000,2.9305,0.3302,3.7346,0.01,3.2841,0.8005,0.3584
2026-02-12 04:00:50,25100,223390,3484884,100000,2.9559,0.3265,3.757,0.01,3.2261,0.7972,0.3959
2026-02-12 04:10:57,25200,224280,3498768,100000,2.9496,0.3307,3.7441,0.01,3.2292,0.7906,0.3949
2026-02-12 04:21:19,25300,225170,3512652,100000,2.9456,0.3288,3.7377,0.01,3.3988,0.7883,0.3822
2026-02-12 04:31:18,25400,226060,3526536,100000,2.8976,0.3298,3.692,0.01,3.5074,0.7909,0.3489
2026-02-12 04:41:35,25500,226950,3540420,100000,2.9556,0.3331,3.7478,0.01,3.3752,0.7888,0.3318
2026-02-12 04:51:47,25600,227840,3554304,100000,2.9352,0.3336,3.7359,0.01,3.4603,0.7974,0.34
2026-02-12 05:01:56,25700,228730,3568188,100000,2.8986,0.3205,3.6977,0.01,3.3962,0.7958,0.3301
2026-02-12 05:12:19,25800,229620,3582072,100000,2.942,0.3155,3.7397,0.01,3.4131,0.7945,0.3202
2026-02-12 05:22:21,25900,230510,3595956,100000,2.9213,0.3159,3.7132,0.01,3.3048,0.7886,0.3346
2026-02-12 05:32:19,26000,231400,3609840,100000,2.8917,0.3173,3.6881,0.01,3.4383,0.7935,0.2986
2026-02-12 05:42:28,26100,232290,3623724,100000,2.8671,0.3216,3.6607,0.01,3.2551,0.7909,0.2665
2026-02-12 05:52:39,26200,233180,3637608,100000,2.8845,0.3114,3.6738,0.01,3.258,0.7865,0.2724
2026-02-12 06:02:58,26300,234070,3651492,100000,2.873,0.3092,3.6617,0.01,3.3638,0.786,0.2706
2026-02-12 06:13:12,26400,234960,3665376,100000,2.8569,0.3113,3.6606,0.01,3.1751,0.8009,0.2911
2026-02-12 06:23:27,26500,235850,3679260,100000,2.8722,0.3169,3.6667,0.01,3.2585,0.7917,0.282
2026-02-12 06:33:27,26600,236740,3693144,100000,2.8729,0.3191,3.6621,0.01,3.3021,0.7862,0.291
2026-02-12 06:43:39,26700,237630,3707028,100000,2.8628,0.3053,3.6592,0.01,3.3637,0.7939,0.2553
2026-02-12 06:54:07,26800,238520,3720912,100000,2.8966,0.3031,3.6945,0.01,3.4996,0.7948,0.3123
2026-02-12 07:03:57,26900,239410,3734796,100000,2.9236,0.2977,3.7163,0.01,3.0864,0.7896,0.3124
2026-02-12 07:14:21,27000,240300,3748680,100000,2.9318,0.3041,3.7303,0.01,3.2869,0.7957,0.2848
2026-02-12 07:24:30,27100,241190,3762564,100000,2.8846,0.3034,3.6711,0.01,3.2957,0.7835,0.2967
2026-02-12 07:34:49,27200,242080,3776448,100000,2.8589,0.2975,3.6453,0.01,3.3974,0.7832,0.3196
2026-02-12 07:44:43,27300,242970,3790332,100000,2.8179,0.2926,3.5979,0.01,3.3805,0.7768,0.3199
2026-02-12 07:55:11,27400,243860,3804216,100000,2.8339,0.2948,3.626,0.01,3.2074,0.7892,0.2992
2026-02-12 08:05:17,27500,244750,3818100,100000,2.8199,0.2987,3.6102,0.01,3.1457,0.7873,0.304
2026-02-12 08:15:13,27600,245640,3831984,100000,2.8427,0.2893,3.645,0.01,3.0644,0.7992,0.3105
2026-02-12 08:25:39,27700,246530,3845868,100000,2.8382,0.2869,3.6341,0.01,3.3014,0.7932,0.268
2026-02-12 08:35:57,27800,247420,3859752,100000,2.8588,0.2874,3.6516,0.01,3.1726,0.7904,0.2441
2026-02-12 08:45:58,27900,248310,3873636,100000,2.8472,0.2862,3.6305,0.01,3.2318,0.7808,0.2505
2026-02-12 08:56:07,28000,249200,3887520,100000,2.8539,0.2865,3.6331,0.01,3.1873,0.7763,0.2851
2026-02-12 09:06:17,28100,250090,3901404,100000,2.8589,0.2779,3.6396,0.01,2.9449,0.7776,0.3088
2026-02-12 09:16:24,28200,250979,3915272,100000,2.7774,0.2757,3.5652,0.01,3.051,0.7849,0.2893
2026-02-12 09:26:36,28300,251869,3929156,100000,2.7792,0.265,3.5601,0.01,3.1124,0.7778,0.3086
2026-02-12 09:37:02,28400,252759,3943040,100000,2.812,0.2721,3.5828,0.01,3.3359,0.7678,0.3049
2026-02-12 09:47:02,28500,253649,3956924,100000,2.8172,0.2799,3.5997,0.01,3.2238,0.7796,0.2796
2026-02-12 09:57:23,28600,254539,3970808,100000,2.8227,0.2641,3.6099,0.01,3.0644,0.7846,0.2536
2026-02-12 10:07:26,28700,255429,3984692,100000,2.8044,0.2648,3.5841,0.01,3.0665,0.7772,0.2436
2026-02-12 10:17:46,28800,256319,3998576,100000,2.8274,0.2729,3.6106,0.01,3.2345,0.7806,0.2533
2026-02-12 10:27:57,28900,257209,4012460,100000,2.8035,0.2693,3.5916,0.01,3.2762,0.7853,0.284
2026-02-12 10:38:09,29000,258099,4026344,100000,2.7969,0.2567,3.5869,0.01,3.2869,0.7872,0.2838
2026-02-12 10:48:03,29100,258989,4040228,100000,2.7819,0.2682,3.558,0.01,3.3064,0.7738,0.2374
2026-02-12 10:58:32,29200,259879,4054112,100000,2.8094,0.257,3.5878,0.01,3.1318,0.7762,0.2183
2026-02-12 11:08:24,29300,260769,4067996,100000,2.8223,0.2675,3.5974,0.01,3.2688,0.7727,0.2519
2026-02-12 11:18:37,29400,261659,4081880,100000,2.8026,0.2596,3.5848,0.01,3.2554,0.7797,0.2518
2026-02-12 11:29:02,29500,262550,4095780,100000,2.8036,0.2546,3.5838,0.01,2.9506,0.7779,0.2265
2026-02-12 11:38:59,29600,263440,4109664,100000,2.7365,0.2558,3.5093,0.01,3.0022,0.7703,0.2488
2026-02-12 11:49:26,29700,264330,4123548,100000,2.788,0.255,3.5642,0.01,3.2573,0.7735,0.2714
2026-02-12 11:59:16,29800,265220,4137432,100000,2.7282,0.2573,3.5079,0.01,3.1365,0.777,0.2677
2026-02-12 12:09:27,29900,266110,4151316,100000,2.7386,0.2568,3.5084,0.01,3.1058,0.7674,0.2504
2026-02-12 12:19:55,30000,267000,4165200,100000,2.6915,0.2518,3.4582,0.01,3.1429,0.764,0.2677
2026-02-12 12:30:07,30100,267890,4179084,100000,2.7191,0.2572,3.4873,0.01,3.1714,0.7657,0.2376
2026-02-12 12:40:08,30200,268780,4192968,100000,2.7273,0.255,3.4976,0.01,3.1607,0.7681,0.2193
2026-02-12 12:50:12,30300,269670,4206852,100000,2.8007,0.2505,3.5702,0.01,3.2277,0.7675,0.2035
2026-02-12 13:00:37,30400,270560,4220736,100000,2.7439,0.2469,3.5069,0.01,3.0934,0.7605,0.2548
2026-02-12 13:10:52,30500,271450,4234620,100000,2.6767,0.243,3.4381,0.01,2.9485,0.7586,0.2799
2026-02-12 13:21:03,30600,272340,4248504,100000,2.7223,0.2406,3.4901,0.01,3.0644,0.7653,0.2438
2026-02-12 13:31:16,30700,273230,4262388,100000,2.7273,0.2428,3.4999,0.01,3.1062,0.7702,0.2407
2026-02-12 13:41:11,30800,274120,4276272,100000,2.7676,0.2417,3.5353,0.01,3.2514,0.7653,0.2352
2026-02-12 13:51:39,30900,275010,4290156,100000,2.7728,0.2377,3.5437,0.01,3.4475,0.7684,0.2418
2026-02-12 14:01:51,31000,275900,4304040,100000,2.7047,0.2407,3.4854,0.01,3.3354,0.7782,0.2488
2026-02-12 14:11:42,31100,276790,4317924,100000,2.7112,0.2336,3.485,0.01,3.3345,0.7714,0.2397
2026-02-12 14:22:03,31200,277680,4331808,100000,2.7129,0.2337,3.4822,0.01,3.4346,0.7671,0.2184
2026-02-12 14:32:11,31300,278570,4345692,100000,2.7231,0.2352,3.4888,0.01,3.3672,0.7637,0.1993
2026-02-12 14:42:33,31400,279460,4359576,100000,2.7139,0.2234,3.4837,0.01,3.3226,0.768,0.1795
2026-02-12 14:52:25,31500,280350,4373460,100000,2.7138,0.2224,3.4835,0.01,3.106,0.7684,0.1364
2026-02-12 15:02:45,31600,281240,4387344,100000,2.7222,0.2322,3.4923,0.01,3.0782,0.7684,0.17
2026-02-12 15:12:54,31700,282130,4401228,100000,2.6673,0.2202,3.4339,0.01,3.0196,0.765,0.1674
2026-02-12 15:23:17,31800,283020,4415112,100000,2.6653,0.2263,3.4344,0.01,3.0431,0.7673,0.1831
2026-02-12 15:33:27,31900,283910,4428996,100000,2.7265,0.2151,3.4964,0.01,3.223,0.768,0.1857
2026-02-12 15:43:29,32000,284800,4442880,100000,2.747,0.2179,3.5139,0.01,3.2532,0.7652,0.1662
2026-02-12 15:53:49,32100,285690,4456764,100000,2.7262,0.2096,3.4983,0.01,3.1843,0.7705,0.1694
2026-02-12 16:03:59,32200,286580,4470648,100000,2.7255,0.2077,3.486,0.01,2.8861,0.7586,0.1896
2026-02-12 16:13:51,32300,287470,4484532,100000,2.7358,0.2074,3.5026,0.01,3.0955,0.7649,0.1927
2026-02-12 16:24:10,32400,288360,4498416,100000,2.7502,0.2052,3.5149,0.01,3.1773,0.763,0.1716
2026-02-12 16:34:31,32500,289250,4512300,100000,2.7131,0.2124,3.4817,0.01,3.001,0.7669,0.1652
2026-02-12 16:44:23,32600,290140,4526184,100000,2.6801,0.2134,3.4558,0.01,3.0777,0.7737,0.19
2026-02-12 16:54:41,32700,291030,4540068,100000,2.7148,0.2131,3.4836,0.01,3.063,0.7669,0.1931
2026-02-12 17:05:03,32800,291920,4553952,100000,2.687,0.208,3.4515,0.01,3.169,0.7625,0.1956
2026-02-12 17:15:12,32900,292810,4567836,100000,2.6573,0.2133,3.4205,0.01,2.8797,0.7613,0.1864
2026-02-12 17:25:09,33000,293700,4581720,100000,2.6826,0.211,3.4524,0.01,2.8519,0.7678,0.2013
2026-02-12 17:35:23,33100,294590,4595604,100000,2.6705,0.205,3.4435,0.01,3.1566,0.771,0.1936
2026-02-12 17:45:52,33200,295480,4609488,100000,2.6661,0.1935,3.4336,0.01,2.9941,0.7651,0.2411
2026-02-12 17:55:51,33300,296370,4623372,100000,2.662,0.1978,3.4288,0.01,2.9536,0.7648,0.1979
2026-02-12 18:06:05,33400,297260,4637256,100000,2.6818,0.1984,3.454,0.01,2.9783,0.7704,0.1746
2026-02-12 18:16:16,33500,298150,4651140,100000,2.6709,0.1944,3.4391,0.01,3.0722,0.766,0.2139
2026-02-12 18:26:22,33600,299040,4665024,100000,2.6639,0.1954,3.4193,0.01,3.2414,0.7535,0.1939
2026-02-12 18:36:38,33700,299930,4678908,100000,2.6174,0.1951,3.3706,0.01,3.1408,0.7515,0.1704
2026-02-12 18:46:54,33800,300820,4692792,100000,2.5957,0.1879,3.3497,0.01,3.2205,0.7521,0.1857
2026-02-12 18:57:10,33900,301710,4706676,100000,2.5922,0.1888,3.3502,0.01,3.1932,0.7566,0.1342
2026-02-12 19:07:20,34000,302600,4720560,100000,2.6022,0.187,3.3572,0.01,3.0585,0.7533,0.1701
2026-02-12 19:17:26,34100,303490,4734444,100000,2.6554,0.1851,3.4189,0.01,3.2692,0.7617,0.176
2026-02-12 19:27:29,34200,304380,4748328,100000,2.6301,0.1795,3.3873,0.01,3.2847,0.7554,0.1833
2026-02-12 19:37:52,34300,305270,4762212,100000,2.6224,0.1754,3.387,0.01,3.1185,0.763,0.1637
2026-02-12 19:47:58,34400,306160,4776096,100000,2.6858,0.1761,3.4423,0.01,3.0692,0.7545,0.1995
2026-02-12 19:58:00,34500,307050,4789980,100000,2.6667,0.1831,3.4296,0.01,2.9429,0.761,0.1933
2026-02-12 20:08:13,34600,307940,4803864,100000,2.6374,0.1902,3.3967,0.01,2.8008,0.7575,0.1834
2026-02-12 20:18:30,34700,308830,4817748,100000,2.6534,0.1766,3.4174,0.01,2.9374,0.7621,0.1869
2026-02-12 20:28:28,34800,309720,4831632,100000,2.6441,0.1659,3.4124,0.01,3.144,0.7666,0.163
2026-02-12 20:38:48,34900,310610,4845516,100000,2.6784,0.1646,3.4472,0.01,2.7391,0.7671,0.1675
2026-02-12 20:48:51,35000,311500,4859400,100000,2.6705,0.1602,3.4354,0.01,2.8481,0.7635,0.1403
2026-02-12 20:59:09,35100,312390,4873284,100000,2.6246,0.1598,3.3785,0.001,3.2251,0.7525,0.1369
2026-02-12 21:09:30,35200,313280,4887168,100000,2.6609,0.1634,3.4099,0.001,3.3281,0.7473,0.1644
2026-02-12 21:19:36,35300,314170,4901052,100000,2.6114,0.1563,3.3458,0.001,3.0605,0.7327,0.172
2026-02-12 21:29:42,35400,315060,4914936,100000,2.6763,0.1612,3.4285,0.001,2.978,0.7502,0.1879
2026-02-12 21:39:51,35500,315950,4928820,100000,2.6634,0.1633,3.4214,0.001,3.1973,0.7563,0.1649
2026-02-12 21:50:01,35600,316840,4942704,100000,2.5878,0.1674,3.3468,0.001,2.9886,0.7573,0.1664
2026-02-12 22:00:08,35700,317730,4956588,100000,2.6725,0.1699,3.4205,0.001,3.0231,0.7464,0.1547
2026-02-12 22:10:23,35800,318620,4970472,100000,2.6265,0.1652,3.3898,0.001,2.9399,0.7616,0.1692
2026-02-12 22:20:31,35900,319510,4984356,100000,2.564,0.1697,3.316,0.001,3.064,0.7501,0.186
2026-02-12 22:30:45,36000,320400,4998240,100000,2.6531,0.1545,3.408,0.001,3.0852,0.7529,0.1987
2026-02-12 22:40:49,36100,321290,5012124,100000,2.6124,0.1516,3.3554,0.001,3.2903,0.7411,0.1933
2026-02-12 22:51:06,36200,322180,5026008,100000,2.614,0.1489,3.3566,0.001,3.0267,0.741,0.1622
2026-02-12 23:01:30,36300,323070,5039892,100000,2.6113,0.1483,3.3632,0.001,2.8388,0.7502,0.1698
2026-02-12 23:11:40,36400,323960,5053776,100000,2.6183,0.1504,3.3726,0.001,2.9158,0.7528,0.1466
2026-02-12 23:21:47,36500,324850,5067660,100000,2.6343,0.1425,3.3782,0.001,3.0247,0.7427,0.1181
2026-02-12 23:32:00,36600,325740,5081544,100000,2.5752,0.1501,3.3201,0.001,2.9954,0.7434,0.1496
2026-02-12 23:41:54,36700,326630,5095428,100000,2.6702,0.1497,3.4215,0.001,3.3306,0.7496,0.1606
2026-02-12 23:52:19,36800,327520,5109312,100000,2.6562,0.1432,3.3947,0.001,3.0966,0.7367,0.1787
2026-02-13 00:02:34,36900,328410,5123196,100000,2.6311,0.1402,3.3774,0.001,3.0317,0.7445,0.1877
2026-02-13 00:12:46,37000,329300,5137080,100000,2.6372,0.1297,3.3741,0.001,3.145,0.7355,0.1481
2026-02-13 00:23:02,37100,330190,5150964,100000,2.6246,0.1155,3.3687,0.001,3.292,0.7427,0.138
2026-02-13 00:32:51,37200,331080,5164848,100000,2.6378,0.1224,3.3802,0.001,3.1614,0.7408,0.1522
2026-02-13 00:43:12,37300,331970,5178732,100000,2.6374,0.1267,3.3852,0.001,3.1662,0.7462,0.1595
2026-02-13 00:53:31,37400,332860,5192616,100000,2.6414,0.127,3.3835,0.001,2.9268,0.7404,0.1693
2026-02-13 01:03:22,37500,333750,5206500,100000,2.6327,0.1185,3.3726,0.001,2.8593,0.7386,0.1373
2026-02-13 01:13:39,37600,334640,5220384,100000,2.6106,0.1177,3.3495,0.001,2.9894,0.7375,0.1455
2026-02-13 01:23:46,37700,335530,5234268,100000,2.6105,0.1291,3.3457,0.001,3.1017,0.7336,0.1673
2026-02-13 01:33:57,37800,336420,5248152,100000,2.592,0.127,3.3292,0.001,3.1211,0.7352,0.2024
2026-02-13 01:44:07,37900,337310,5262036,100000,2.6076,0.1245,3.3408,0.001,3.1245,0.7317,0.151
2026-02-13 01:54:30,38000,338200,5275920,100000,2.5609,0.1171,3.2951,0.001,3.1609,0.7323,0.1891
2026-02-13 02:04:43,38100,339090,5289804,100000,2.5377,0.1206,3.2784,0.001,3.0691,0.739,0.165
2026-02-13 02:14:48,38200,339980,5303688,100000,2.5915,0.1251,3.3294,0.001,2.993,0.7366,0.1304
2026-02-13 02:24:53,38300,340870,5317572,100000,2.5452,0.1239,3.2896,0.001,2.9693,0.7427,0.1735
2026-02-13 02:35:18,38400,341760,5331456,100000,2.5772,0.1165,3.3219,0.001,2.8291,0.7432,0.1412
2026-02-13 02:45:18,38500,342650,5345340,100000,2.5989,0.1173,3.3442,0.001,2.8458,0.744,0.1252
2026-02-13 02:55:41,38600,343540,5359224,100000,2.5245,0.1108,3.2602,0.001,2.839,0.7341,0.1576
2026-02-13 03:05:41,38700,344430,5373108,100000,2.5598,0.1113,3.2994,0.001,3.0095,0.7378,0.1775
2026-02-13 03:16:06,38800,345320,5386992,100000,2.613,0.1165,3.3594,0.001,3.3106,0.7447,0.1653
2026-02-13 03:26:08,38900,346210,5400876,100000,2.5738,0.1121,3.3199,0.001,3.2261,0.7447,0.1434
2026-02-13 03:36:11,39000,347100,5414760,100000,2.6157,0.1119,3.3632,0.001,3.3453,0.7463,0.1178
2026-02-13 03:46:21,39100,347990,5428644,100000,2.5573,0.1213,3.3071,0.001,3.0396,0.7484,0.1402
2026-02-13 03:56:45,39200,348880,5442528,100000,2.501,0.1159,3.2354,0.001,2.9678,0.7334,0.0982
2026-02-13 04:07:02,39300,349770,5456412,100000,2.5119,0.1189,3.2507,0.001,2.9677,0.7379,0.0986
2026-02-13 04:16:59,39400,350660,5470296,100000,2.5178,0.1139,3.2589,0.001,3.1341,0.7395,0.151
2026-02-13 04:27:21,39500,351550,5484180,100000,2.5668,0.1069,3.3047,0.001,3.3088,0.7363,0.1635
2026-02-13 04:37:29,39600,352440,5498064,100000,2.5541,0.1104,3.285,0.001,3.248,0.729,0.181
2026-02-13 04:47:34,39700,353330,5511948,100000,2.5362,0.1097,3.2714,0.001,3.1632,0.7335,0.171
2026-02-13 04:57:53,39800,354220,5525832,100000,2.5269,0.0998,3.2619,0.001,3.0957,0.7337,0.1342
2026-02-13 05:08:02,39900,355110,5539716,100000,2.5781,0.1001,3.3243,0.001,2.9699,0.7446,0.152
2026-02-13 05:18:17,40000,356000,5553600,100000,2.5101,0.1047,3.257,0.001,3.0496,0.7458,0.1116
2026-02-13 05:28:28,40100,356890,5567484,100000,2.4945,0.1174,3.2333,0.001,3.0758,0.7373,0.1466
2026-02-13 05:38:29,40200,357780,5581368,100000,2.5099,0.1108,3.2419,0.001,3.0341,0.7303,0.1749
2026-02-13 05:48:35,40300,358670,5595252,100000,2.5299,0.1111,3.2596,0.001,2.9054,0.7283,0.1371
2026-02-13 05:58:53,40400,359560,5609136,100000,2.5584,0.1149,3.2916,0.001,2.9724,0.7315,0.1633
2026-02-13 06:08:54,40500,360450,5623020,100000,2.5822,0.1144,3.313,0.001,2.9678,0.7293,0.1533
2026-02-13 06:19:17,40600,361340,5636904,100000,2.54,0.1105,3.2837,0.001,2.8796,0.7423,0.1446
2026-02-13 06:29:32,40700,362230,5650788,100000,2.5552,0.1205,3.2875,0.001,3.0864,0.7312,0.1028
2026-02-13 06:39:38,40800,363120,5664672,100000,2.5174,0.1225,3.2508,0.001,3.0146,0.7322,0.1229
2026-02-13 06:49:53,40900,364010,5678556,100000,2.6048,0.1015,3.3402,0.001,3.0699,0.7338,0.1524
2026-02-13 07:00:07,41000,364900,5692440,100000,2.567,0.1121,3.3039,0.001,2.8749,0.7358,0.1106
2026-02-13 07:10:12,41100,365790,5706324,100000,2.5106,0.114,3.2413,0.001,2.879,0.7296,0.1184
2026-02-13 07:20:17,41200,366680,5720208,100000,2.5557,0.1173,3.2874,0.001,2.8425,0.7305,0.1168
2026-02-13 07:30:36,41300,367570,5734092,100000,2.5489,0.1134,3.2828,0.001,2.7831,0.7329,0.0965
2026-02-13 07:40:52,41400,368460,5747976,100000,2.5747,0.1159,3.3108,0.001,2.9041,0.7346,0.1435
2026-02-13 07:50:52,41500,369350,5761860,100000,2.5763,0.1232,3.3082,0.001,2.91,0.7305,0.1415
2026-02-13 08:00:56,41600,370240,5775744,100000,2.503,0.1249,3.2346,0.001,2.791,0.7302,0.1409
2026-02-13 08:11:13,41700,371130,5789628,100000,2.5397,0.1259,3.274,0.001,2.8075,0.7327,0.1599
2026-02-13 08:21:33,41800,372020,5803512,100000,2.5236,0.122,3.2674,0.001,2.9006,0.7424,0.1314
2026-02-13 08:31:44,41900,372910,5817396,100000,2.5132,0.1195,3.2455,0.001,2.9275,0.7303,0.2028
2026-02-13 08:41:55,42000,373800,5831280,100000,2.5223,0.1185,3.2589,0.001,3.1713,0.735,0.155
2026-02-13 08:52:09,42100,374690,5845164,100000,2.5211,0.106,3.2637,0.001,2.7585,0.7414,0.1199
2026-02-13 09:02:13,42200,375580,5859048,100000,2.5297,0.1202,3.2597,0.001,2.9777,0.7287,0.1425
2026-02-13 09:12:24,42300,376470,5872932,100000,2.5559,0.1144,3.2954,0.001,3.0515,0.738,0.1464
2026-02-13 09:22:27,42400,377360,5886816,100000,2.5391,0.1123,3.2819,0.001,3.0477,0.7416,0.1198
2026-02-13 09:32:48,42500,378250,5900700,100000,2.5386,0.1101,3.2758,0.001,2.8984,0.7361,0.1096
2026-02-13 09:42:58,42600,379140,5914584,100000,2.5708,0.1112,3.3105,0.001,2.8334,0.7384,0.1414
2026-02-13 09:52:59,42700,380030,5928468,100000,2.5374,0.0966,3.2808,0.001,2.653,0.742,0.1432
2026-02-13 10:03:10,42800,380920,5942352,100000,2.5401,0.1038,3.2765,0.001,2.8754,0.7349,0.1463
2026-02-13 10:13:23,42900,381810,5956236,100000,2.5321,0.0982,3.2675,0.001,2.8384,0.7339,0.1568
2026-02-13 10:23:28,43000,382700,5970120,100000,2.558,0.0973,3.286,0.001,2.8227,0.7266,0.1303
2026-02-13 10:34:00,43100,383590,5984004,100000,2.5103,0.0918,3.2374,0.001,3.0864,0.7255,0.1578
2026-02-13 10:44:08,43200,384480,5997888,100000,2.522,0.0902,3.2523,0.001,2.8756,0.7289,0.1434
2026-02-13 10:54:07,43300,385370,6011772,100000,2.548,0.1026,3.2789,0.001,2.8979,0.7294,0.1516
2026-02-13 11:04:21,43400,386260,6025656,100000,2.5375,0.1016,3.2771,0.001,2.9919,0.7384,0.1205
2026-02-13 11:14:44,43500,387150,6039540,100000,2.5416,0.1032,3.2756,0.001,2.9377,0.7326,0.1421
2026-02-13 11:24:38,43600,388040,6053424,100000,2.5231,0.1034,3.2495,0.001,2.9783,0.7249,0.1411
2026-02-13 11:34:47,43700,388930,6067308,100000,2.5325,0.0977,3.2669,0.001,2.975,0.7325,0.1863
2026-02-13 11:45:12,43800,389820,6081192,100000,2.5174,0.0978,3.2547,0.001,2.9747,0.7358,0.1501
2026-02-13 11:55:20,43900,390710,6095076,100000,2.5376,0.0945,3.2737,0.001,2.7908,0.7344,0.1697
2026-02-13 12:05:26,44000,391600,6108960,100000,2.5202,0.0985,3.2527,0.001,2.7085,0.7309,0.1591
2026-02-13 12:15:30,44100,392490,6122844,100000,2.5021,0.0891,3.2299,0.001,2.961,0.726,0.1739
2026-02-13 12:25:53,44200,393380,6136728,100000,2.5084,0.0955,3.2345,0.001,2.9943,0.7246,0.152
2026-02-13 12:35:55,44300,394270,6150612,100000,2.4977,0.1056,3.2344,0.001,2.9215,0.7352,0.1477
2026-02-13 12:46:08,44400,395160,6164496,100000,2.5773,0.1114,3.3139,0.001,2.8275,0.7357,0.0893
2026-02-13 12:56:27,44500,396050,6178380,100000,2.5549,0.1134,3.2881,0.001,3.0475,0.7323,0.0841
2026-02-13 13:06:26,44600,396940,6192264,100000,2.5327,0.1104,3.2665,0.001,2.919,0.7325,0.1301
2026-02-13 13:16:41,44700,397830,6206148,100000,2.5117,0.1004,3.2416,0.001,2.7885,0.7285,0.1362
2026-02-13 13:26:50,44800,398720,6220032,100000,2.5324,0.107,3.2576,0.001,2.9771,0.7237,0.1457
2026-02-13 13:37:08,44900,399610,6233916,100000,2.5046,0.1075,3.2298,0.001,2.8001,0.7239,0.1278
2026-02-13 13:47:14,45000,400500,6247800,100000,2.4949,0.1061,3.2224,0.001,2.8071,0.7261,0.1419
2026-02-13 13:57:41,45100,401390,6261684,100000,2.4857,0.0969,3.2057,0.0001,2.8681,0.7187,0.1237
2026-02-13 14:07:41,45200,402280,6275568,100000,2.4868,0.1022,3.2046,0.0001,2.7393,0.7165,0.122
2026-02-13 14:17:40,45300,403170,6289452,100000,2.4882,0.1102,3.2037,0.0001,2.8549,0.714,0.1475
2026-02-13 14:28:07,45400,404060,6303336,100000,2.4688,0.1095,3.1898,0.0001,2.9052,0.7194,0.1551
2026-02-13 14:38:24,45500,404950,6317220,100000,2.4968,0.1036,3.2252,0.0001,2.9535,0.7271,0.1264
2026-02-13 14:48:37,45600,405840,6331104,100000,2.4692,0.1054,3.1905,0.0001,2.8854,0.7201,0.1242
2026-02-13 14:58:41,45700,406730,6344988,100000,2.5017,0.1029,3.221,0.0001,3.0714,0.7181,0.1268
2026-02-13 15:08:49,45800,407620,6358872,100000,2.5323,0.1028,3.2482,0.0001,2.9527,0.7147,0.1198
2026-02-13 15:18:50,45900,408510,6372756,100000,2.4957,0.1065,3.2159,0.0001,2.8507,0.719,0.1174
2026-02-13 15:29:21,46000,409400,6386640,100000,2.4831,0.105,3.201,0.0001,2.905,0.717,0.0985
2026-02-13 15:39:13,46100,410290,6400524,100000,2.52,0.1027,3.2382,0.0001,2.8239,0.7169,0.1218
2026-02-13 15:49:23,46200,411180,6414408,100000,2.4911,0.1035,3.2084,0.0001,2.549,0.7163,0.0976
2026-02-13 15:59:36,46300,412070,6428292,100000,2.4977,0.0967,3.2319,0.0001,2.8777,0.7333,0.0889
2026-02-13 16:09:43,46400,412960,6442176,100000,2.4955,0.0927,3.2251,0.0001,2.6515,0.7282,0.1315
2026-02-13 16:20:07,46500,413850,6456060,100000,2.4913,0.0995,3.216,0.0001,2.5318,0.7231,0.1607
2026-02-13 16:30:05,46600,414740,6469944,100000,2.4728,0.096,3.1964,0.0001,2.7603,0.7219,0.173
2026-02-13 16:40:28,46700,415630,6483828,100000,2.504,0.1011,3.2336,0.0001,2.7304,0.7281,0.1468
2026-02-13 16:50:35,46800,416520,6497712,100000,2.5016,0.0893,3.234,0.0001,2.9317,0.7312,0.117
2026-02-13 17:00:58,46900,417410,6511596,100000,2.4874,0.1017,3.2174,0.0001,3.0061,0.7287,0.1308
2026-02-13 17:10:56,47000,418300,6525480,100000,2.4836,0.0993,3.2012,0.0001,3.045,0.716,0.1531
2026-02-13 17:20:59,47100,419190,6539364,100000,2.4589,0.1084,3.1861,0.0001,2.8988,0.7259,0.1323
2026-02-13 17:31:28,47200,420080,6553248,100000,2.4948,0.0882,3.2264,0.0001,2.9034,0.7304,0.1124
2026-02-13 17:41:22,47300,420970,6567132,100000,2.5072,0.0842,3.2387,0.0001,2.7114,0.7307,0.0775
2026-02-13 17:51:31,47400,421860,6581016,100000,2.5412,0.1002,3.271,0.0001,2.8699,0.7292,0.0621
2026-02-13 18:01:48,47500,422750,6594900,100000,2.4926,0.0997,3.2202,0.0001,2.8357,0.7264,0.1262
2026-02-13 18:12:07,47600,423640,6608784,100000,2.5411,0.1001,3.2729,0.0001,2.8135,0.731,0.0865
2026-02-13 18:22:24,47700,424530,6622668,100000,2.5155,0.0992,3.2414,0.0001,2.835,0.725,0.0861
2026-02-13 18:32:39,47800,425420,6636552,100000,2.5375,0.0989,3.2678,0.0001,2.834,0.7294,0.0934
2026-02-13 18:42:38,47900,426310,6650436,100000,2.4651,0.1009,3.1895,0.0001,2.8742,0.7233,0.1074
2026-02-13 18:52:45,48000,427200,6664320,100000,2.4866,0.0927,3.2085,0.0001,2.9381,0.7211,0.0809
2026-02-13 19:03:06,48100,428090,6678204,100000,2.5047,0.0939,3.2256,0.0001,2.8543,0.7198,0.1083
2026-02-13 19:13:12,48200,428980,6692088,100000,2.4531,0.1028,3.1729,0.0001,2.7716,0.7186,0.1197
2026-02-13 19:23:33,48300,429870,6705972,100000,2.4861,0.1,3.2056,0.0001,2.6296,0.7184,0.1136
2026-02-13 19:33:36,48400,430760,6719856,100000,2.5142,0.0941,3.2398,0.0001,2.9285,0.7246,0.0963
2026-02-13 19:43:36,48500,431650,6733740,100000,2.475,0.0956,3.2072,0.0001,2.8954,0.7313,0.0939
2026-02-13 19:53:58,48600,432540,6747624,100000,2.5084,0.1016,3.2313,0.0001,2.7942,0.7223,0.0602
2026-02-13 20:03:56,48700,433430,6761508,100000,2.5073,0.0969,3.225,0.0001,2.5968,0.7167,0.0989
2026-02-13 20:14:18,48800,434320,6775392,100000,2.5224,0.0949,3.2494,0.0001,2.7715,0.7261,0.0908
2026-02-13 20:24:30,48900,435210,6789276,100000,2.4914,0.0978,3.2139,0.0001,2.619,0.7218,0.0695
2026-02-13 20:34:37,49000,436100,6803160,100000,2.4571,0.101,3.181,0.0001,2.7412,0.723,0.088
2026-02-13 20:44:59,49100,436990,6817044,100000,2.4587,0.1058,3.1826,0.0001,2.7107,0.7228,0.1065
2026-02-13 20:54:58,49200,437880,6830928,100000,2.4782,0.0985,3.2059,0.0001,2.8769,0.7266,0.1111
2026-02-13 21:05:02,49300,438770,6844812,100000,2.4222,0.0981,3.1421,0.0001,2.7579,0.7188,0.1182
2026-02-13 21:15:14,49400,439660,6858696,100000,2.4682,0.1018,3.1955,0.0001,2.6229,0.7259,0.1322
2026-02-13 21:25:41,49500,440550,6872580,100000,2.4764,0.0862,3.2045,0.0001,2.4463,0.727,0.1025
2026-02-13 21:35:52,49600,441440,6886464,100000,2.4758,0.0914,3.1888,0.0001,2.5552,0.7119,0.1046
2026-02-13 21:46:00,49700,442330,6900348,100000,2.4003,0.0953,3.1173,0.0001,2.8637,0.716,0.1065
2026-02-13 21:56:17,49800,443220,6914232,100000,2.4174,0.0937,3.1346,0.0001,2.8278,0.7165,0.0714
2026-02-13 22:06:21,49900,444110,6928116,100000,2.4448,0.0885,3.1665,0.0001,2.7277,0.7205,0.1093
2026-02-13 22:16:21,50000,445000,6942000,100000,2.4507,0.0945,3.1715,0.0001,2.8731,0.7199,0.0953
